PDB chain,Epitopes (resi_resn)
1A75_B,"2_ALA, 3_PHE, 4_ALA, 5_GLY, 6_ILE, 7_LEU, 8_ALA, 9_ASP, 10_ALA, 11_ASP, 12_CYS, 13_ALA, 14_ALA, 15_ALA, 16_VAL, 17_LYS, 18_ALA, 19_CYS, 20_GLU, 21_ALA, 22_ALA, 31_PHE, 32_ALA, 33_LYS, 34_CYS, 37_SER, 38_GLY, 39_LYS, 40_SER, 41_ALA, 42_ASP, 43_ASP, 44_ILE, 45_LYS, 46_LYS, 67_PHE, 68_LEU, 69_GLN, 70_VAL, 71_PHE, 72_LYS, 89_ALA, 90_GLY, 91_ASP, 92_SER, 93_ASP, 94_GLY, 95_ASP, 96_GLY, 97_ALA, 103_TRP, 104_VAL, 105_ALA, 106_LEU, 107_VAL, 108_LYS"
1B9A_A,"20_ALA, 21_ALA, 22_ASP, 23_SER, 24_PHE, 25_ASN, 26_HIS, 27_LYS, 63_LEU, 64_LYS, 65_LEU, 66_PHE, 67_LEU, 68_GLN, 69_ASN"
1BA7_B,"5_ASP, 6_ASN, 7_GLU, 8_GLY, 9_ASN, 10_PRO, 39_CYS, 40_PRO, 41_LEU, 42_THR, 43_VAL, 44_VAL, 45_GLN, 46_SER, 47_ARG, 48_ASN, 49_GLU, 50_LEU, 51_ASP, 52_LYS, 61_PRO, 62_TYR, 63_ARG, 64_ILE, 65_ARG, 66_PHE, 67_ILE, 68_ALA, 69_GLU, 70_GLY, 71_HIS, 180_SER"
1BHP_A,"1_LYS, 2_SER, 3_CYS, 4_CYS, 15_LEU, 16_CYS, 17_ARG, 18_ALA, 19_ARG, 20_GLY, 21_ALA, 22_GLN, 23_LYS, 24_LEU, 25_CYS, 26_ALA, 27_ASN, 28_VAL, 29_CYS, 30_ARG, 31_CYS, 32_LYS, 33_LEU, 34_THR, 35_SER, 36_GLY, 37_LEU, 38_SER, 39_CYS, 40_PRO, 41_LYS, 42_ASP, 43_PHE, 44_PRO"
1BU3_A,"21_ALA, 22_ALA, 23_ASP, 24_SER, 25_PHE, 26_ASN, 27_TYR, 28_LYS, 64_LEU, 65_LYS, 66_LEU, 67_PHE, 68_LEU, 69_GLN, 70_VAL"
1DOT_A,"1_ALA, 2_PRO, 3_PRO, 4_LYS, 5_THR, 6_THR, 7_VAL, 8_ARG, 13_SER, 14_SER, 15_ALA, 16_GLU, 17_GLU, 18_LYS, 19_LYS, 20_CYS, 21_ASN, 22_SER, 23_LEU, 24_LYS, 25_ASP, 26_HIS, 27_MET, 28_GLN, 29_GLN, 30_GLU, 31_ARG, 32_VAL, 33_THR, 34_LEU, 35_SER, 36_CYS, 37_VAL, 123_ALA, 124_GLY, 125_TRP, 126_ASN, 127_ILE, 128_PRO, 129_ILE, 130_GLY, 131_THR, 132_LEU, 133_ILE, 134_HIS, 135_ARG, 136_GLU, 137_ASP, 138_ILE, 139_GLU, 140_TRP, 141_GLU, 142_GLY, 143_ILE, 144_GLU, 145_SER, 146_GLY, 147_ILE, 148_SER, 149_GLU, 165_THR, 166_ILE, 167_GLU, 168_GLN, 169_LYS, 170_LEU, 171_CYS, 172_ARG, 173_GLN, 174_CYS, 175_LYS, 176_GLY, 177_ASP, 178_ALA, 179_LYS, 186_GLY, 187_PRO, 188_TYR, 189_SER, 190_GLY, 191_TYR, 192_SER, 193_GLY, 194_ALA, 195_PHE, 196_GLN, 197_CYS, 219_GLU, 220_GLU, 221_LYS, 222_ASP, 223_GLU, 224_TYR, 225_GLU, 226_LEU, 227_LEU, 228_CYS, 229_LEU, 230_ASP, 315_ASP, 316_SER, 317_GLN, 318_LEU, 319_TYR, 320_LEU, 321_GLY, 322_PHE, 323_GLU, 324_TYR, 325_TYR, 326_SER, 330_SER, 331_LEU, 332_ARG, 333_LYS, 334_ASP, 335_GLN, 336_LEU, 337_THR, 338_VAL, 339_GLY, 340_PRO, 341_ARG, 342_GLU, 343_ASN, 344_LYS, 345_ILE, 346_GLN, 347_TRP, 348_CYS, 360_ARG, 361_TRP, 362_SER, 363_VAL, 364_VAL, 365_SER, 366_ASN, 367_GLY, 368_GLU, 387_GLY, 388_GLU, 389_ALA, 390_ASP, 391_ALA, 392_ILE, 393_SER, 394_LEU, 395_ASP, 396_GLY, 397_GLY, 398_PHE, 399_VAL, 400_TYR, 401_THR, 402_ALA, 403_GLY, 404_VAL, 405_CYS, 406_GLY, 407_LEU, 408_VAL, 409_PRO, 410_VAL, 411_VAL, 412_GLY, 413_GLU, 414_SER, 415_TYR, 416_GLU, 417_ASP, 418_GLU, 419_THR, 420_GLN, 421_CYS, 422_SER, 459_GLY, 460_ARG, 461_THR, 462_ALA, 463_GLY, 464_TRP, 465_ASN, 466_ILE, 467_PRO, 468_MET, 469_GLY, 470_LEU, 477_SER, 478_CYS, 479_ASP, 480_PHE, 481_ASP, 482_ASP, 483_TYR, 484_PHE, 485_SER, 486_GLU, 487_GLY, 488_CYS, 489_ALA, 490_PRO, 491_GLY, 492_SER, 493_PRO, 494_PRO, 495_ASN, 496_SER, 497_ARG, 498_LEU, 499_CYS, 500_LYS, 501_LEU, 502_CYS, 503_GLN, 504_GLY, 505_SER, 506_GLY, 507_GLU, 508_ASN, 509_LEU, 510_LEU, 511_GLU, 512_LYS, 513_CYS, 514_VAL, 515_ALA, 516_SER, 517_SER, 518_HIS, 519_GLU, 520_LYS, 521_TYR, 522_TYR, 523_GLY, 524_TYR, 525_THR, 526_GLY, 527_ALA, 528_LEU, 529_ARG, 530_CYS, 555_ASP, 556_ASP, 557_TRP, 558_ALA, 559_LYS, 560_GLY, 561_LEU, 562_THR, 563_ARG, 570_CYS, 571_THR, 572_ASN, 573_GLY, 574_LYS, 575_ARG, 576_ALA, 577_LYS, 578_THR, 579_MET, 580_ASP, 581_TYR, 582_LYS, 583_THR, 584_CYS, 585_HIS, 586_LEU, 587_ALA, 588_LYS, 589_VAL, 590_PRO, 591_THR, 592_HIS, 593_ALA, 615_PHE, 616_GLY, 617_LEU, 618_HIS, 619_GLY, 620_THR, 621_GLU, 622_LYS, 623_GLU, 624_ARG, 625_PHE, 626_MET"
1HMK_A,"2_GLU, 3_GLN, 4_LEU, 5_THR, 6_LYS, 7_CYS, 8_GLU, 9_VAL, 10_PHE, 11_GLN, 12_LYS, 13_LEU, 14_LYS, 15_ASP, 16_LEU, 17_LYS, 18_ASP, 19_TYR, 20_GLY, 21_GLY, 22_VAL, 23_SER, 24_LEU, 25_PRO, 26_GLU, 27_TRP, 28_VAL, 29_CYS, 30_THR, 31_ALA, 32_PHE, 33_HIS, 34_THR, 35_SER, 36_GLY, 37_TYR, 38_ASP, 39_THR, 40_GLN, 41_ALA, 42_ILE, 43_VAL, 44_GLN, 45_ASN, 46_ASN, 47_ASP, 48_SER, 49_THR, 50_GLU, 51_TYR, 52_GLY, 53_LEU, 54_PHE, 55_GLN, 56_ILE, 57_ASN, 58_ASN, 59_LYS, 60_ILE, 61_TRP, 62_CYS, 63_LYS, 64_ASP, 65_ASP, 66_GLN, 67_ASN, 68_PRO, 69_HIS, 70_SER, 71_ARG, 72_ASN, 73_ILE, 74_CYS, 75_ASN, 76_ILE, 77_SER, 78_CYS, 79_ASP, 80_LYS, 81_PHE, 82_LEU, 83_ASP, 84_ASP, 85_ASP, 86_LEU, 87_THR, 88_ASP, 89_ASP, 90_ILE, 91_VAL, 92_CYS, 93_ALA, 94_LYS, 95_LYS, 96_ILE, 97_LEU, 98_ASP, 99_LYS, 100_VAL, 101_GLY, 102_ILE, 103_ASN, 104_TYR, 105_TRP, 106_LEU, 107_ALA, 108_HIS, 109_LYS, 110_ALA, 111_LEU, 112_CYS, 113_SER, 114_GLU, 115_LYS, 116_LEU, 117_ASP, 118_GLN, 119_TRP, 120_LEU, 121_CYS, 122_GLU, 123_LYS"
1HYP_A,"5_ARG, 6_PRO, 7_SER, 8_CYS, 9_PRO, 10_ASP, 11_LEU, 18_LEU, 19_GLY, 20_GLY, 21_SER, 22_LEU, 23_GLY, 24_THR, 25_VAL, 26_ASP, 27_ASP, 28_CYS, 29_CYS, 30_ALA, 31_LEU, 32_ILE, 33_GLY, 38_ILE, 39_GLU, 40_ALA, 41_ILE, 42_VAL, 43_CYS, 44_LEU, 45_CYS, 46_ILE, 47_GLN, 48_LEU, 49_ARG, 50_ALA, 67_CYS, 68_GLY, 69_ARG, 70_SER, 71_TYR, 72_PRO, 73_SER, 74_ASN, 75_ALA, 76_THR, 77_CYS, 78_PRO, 79_ARG"
1IC2_D,"48_LYS, 49_LYS, 50_LEU, 51_LYS, 52_GLY, 53_THR, 54_GLU, 55_ASP, 56_GLU, 57_LEU, 58_ASP, 59_LYS, 60_TYR, 61_SER"
1IQ7_A,"1_GLU, 2_ASN, 3_ARG, 4_ILE, 5_GLN, 6_TRP, 7_CYS, 19_ARG, 20_TRP, 21_SER, 22_VAL, 23_VAL, 24_SER, 25_ASN, 26_GLY, 27_ASP, 46_GLY, 47_GLU, 48_ALA, 49_ASP, 50_ALA, 51_VAL, 52_ALA, 53_LEU, 54_ASP, 55_GLY, 56_GLY, 57_LEU, 58_VAL, 59_TYR, 60_THR, 61_ALA, 62_GLY, 63_VAL, 64_CYS, 65_GLY, 66_LEU, 67_VAL, 68_PRO, 69_VAL, 70_MET, 71_ALA, 72_GLU, 73_ARG, 74_TYR, 75_ASP, 76_ASP, 77_GLU, 78_SER, 79_GLN, 80_CYS, 81_SER, 118_GLY, 119_ARG, 120_THR, 121_ALA, 122_GLY, 123_TRP, 124_VAL, 125_ILE, 126_PRO, 127_MET, 128_GLY, 129_LEU, 136_THR, 137_CYS, 138_ASN, 139_PHE, 140_ASP, 141_GLU, 142_TYR, 143_PHE, 144_SER, 145_GLU, 146_GLY, 147_CYS, 148_ALA, 149_PRO, 150_GLY, 151_SER, 152_PRO, 153_PRO, 154_ASN, 155_SER, 156_ARG, 157_LEU, 158_CYS, 159_GLN, 160_LEU, 161_CYS, 162_GLN, 163_GLY, 164_SER, 165_GLY, 166_GLY, 167_ILE, 168_PRO, 169_PRO, 170_GLU, 171_LYS, 172_CYS, 173_VAL, 174_ALA, 175_SER, 176_SER, 177_HIS, 178_GLU, 179_LYS, 180_TYR, 181_PHE, 182_GLY, 183_TYR, 184_THR, 185_GLY, 186_ALA, 187_LEU, 188_ARG, 189_CYS, 214_ALA, 215_ASP, 216_TRP, 217_ALA, 218_LYS, 219_ASN, 220_LEU, 221_GLN, 222_MET, 229_CYS, 230_THR, 231_ASP, 232_GLY, 233_ARG, 234_ARG, 235_ALA, 236_ASN, 237_VAL, 238_MET, 239_ASP, 240_TYR, 241_ARG, 242_GLU, 243_CYS, 244_ASN, 245_LEU, 246_ALA, 247_GLU, 248_VAL, 249_PRO, 250_THR, 251_HIS, 252_ALA, 274_PHE, 275_GLY, 276_VAL, 277_ASN, 278_GLY, 279_SER, 280_GLU, 281_LYS, 282_SER, 283_LYS, 284_PHE, 285_MET"
1IY6_A,"1_ALA, 2_VAL, 3_SER, 4_VAL, 5_ASP, 6_CYS, 7_SER, 8_GLU, 9_TYR, 10_PRO, 11_LYS, 12_CYS, 13_ALA, 14_CYS, 15_THR, 16_MET, 17_GLU, 18_TYR, 19_ARG, 20_PRO, 21_LEU, 22_CYS, 23_GLY, 24_SER, 25_ASP, 26_ASN, 27_LYS, 28_THR, 29_TYR, 30_GLY, 31_ASN, 32_LYS, 33_CYS, 34_ASN, 35_PHE, 36_CYS, 37_CYS, 38_ALA, 39_VAL, 40_VAL, 41_GLU, 42_SER, 43_ASN, 44_GLY, 45_THR, 46_LEU, 47_THR, 48_LEU, 49_SER, 50_HIS, 51_PHE, 52_GLY, 53_LYS"
1JU8_A,"4_ASN, 5_GLY, 6_ALA, 7_CYS, 8_SER, 9_PRO, 10_PHE, 11_GLU, 12_VAL, 13_PRO, 14_PRO, 15_CYS, 16_ARG, 17_SER, 18_ARG, 19_ASP, 21_ARG, 22_CYS, 23_VAL, 24_PRO, 25_ILE, 26_GLY, 27_LEU, 28_PHE"
1NNT_A,"1_SER, 2_VAL, 3_ILE, 4_ARG, 9_SER, 10_SER, 11_PRO, 12_GLU, 13_GLU, 14_LYS, 15_LYS, 16_CYS, 17_ASN, 18_ASN, 19_LEU, 20_ARG, 21_ASP, 22_LEU, 23_THR, 24_GLN, 25_GLN, 26_GLU, 27_ARG, 28_ILE, 29_SER, 30_LEU, 31_THR, 32_CYS, 33_VAL, 119_ALA, 120_GLY, 121_TRP, 122_ASN, 123_ILE, 124_PRO, 125_ILE, 126_GLY, 127_THR, 128_LEU, 129_LEU, 130_HIS, 131_ARG, 132_GLY, 133_ALA, 134_ILE, 135_GLU, 136_TRP, 137_GLU, 138_GLY, 139_ILE, 140_GLU, 141_SER, 142_GLY, 143_SER, 144_VAL, 145_GLU, 161_THR, 162_ILE, 163_GLU, 164_GLN, 165_LYS, 166_LEU, 167_CYS, 168_ARG, 169_GLN, 170_CYS, 171_LYS, 172_GLY, 173_ASP, 174_PRO, 175_LYS, 182_ALA, 183_PRO, 184_TYR, 185_SER, 186_GLY, 187_TYR, 188_SER, 189_GLY, 190_ALA, 191_PHE, 192_HIS, 193_CYS, 215_ASP, 216_GLN, 217_LYS, 218_ASP, 219_GLU, 220_TYR, 221_GLU, 222_LEU, 223_LEU, 224_CYS, 225_LEU, 226_ASP, 311_ASP, 312_SER, 313_GLN, 314_LEU, 315_TYR, 316_LEU, 317_GLY, 318_PHE, 319_GLU, 320_TYR, 321_TYR, 322_SER, 326_SER, 327_MET"
1OVA_D,"1_UNK, 2_GLY, 3_SER, 4_ILE, 5_GLY, 6_ALA, 7_ALA, 8_SER, 9_MET, 10_GLU, 11_PHE, 12_CYS, 13_PHE, 14_ASP, 15_VAL, 16_PHE, 17_LYS, 18_GLU, 19_LEU, 20_LYS, 21_VAL, 22_HIS, 23_HIS, 24_ALA, 25_ASN, 26_GLU, 27_ASN, 28_ILE, 29_PHE, 30_TYR, 31_CYS, 32_PRO, 33_ILE, 34_ALA, 35_ILE, 36_MET, 37_SER, 38_ALA, 39_LEU, 40_ALA, 41_MET, 42_VAL, 43_TYR, 44_LEU, 45_GLY, 46_ALA, 47_LYS, 48_ASP, 49_SER, 50_THR, 51_ARG, 52_THR, 53_GLN, 54_ILE, 55_ASN, 56_LYS, 57_VAL, 58_VAL, 59_ARG, 60_PHE, 61_ASP, 62_LYS, 63_LEU, 64_PRO, 65_GLY, 66_PHE, 67_GLY, 68_ASP, 69_SER, 70_ILE, 71_GLU, 72_ALA, 73_GLN, 74_CYS, 75_GLY, 76_THR, 77_SER, 78_VAL, 79_ASN, 80_VAL, 81_HIS, 82_SER, 83_SER, 84_LEU, 85_ARG, 86_ASP, 87_ILE, 88_LEU, 89_ASN, 90_GLN, 91_ILE, 92_THR, 93_LYS, 94_PRO, 95_ASN, 96_ASP, 97_VAL, 98_TYR, 99_SER, 100_PHE, 101_SER, 102_LEU, 103_ALA, 104_SER, 105_ARG, 106_LEU, 107_TYR, 108_ALA, 109_GLU, 110_GLU, 111_ARG, 112_TYR, 113_PRO, 114_ILE, 115_LEU, 116_PRO, 117_GLU, 118_TYR, 119_LEU, 120_GLN, 121_CYS, 122_VAL, 123_LYS, 124_GLU, 125_LEU, 126_TYR, 127_ARG, 128_GLY, 129_GLY, 130_LEU, 131_GLU, 132_PRO, 133_ILE, 134_ASN, 135_PHE, 136_GLN, 137_THR, 138_ALA, 139_ALA, 140_ASP, 141_GLN, 142_ALA, 143_ARG, 144_GLU, 145_LEU, 146_ILE, 147_ASN, 148_SER, 149_TRP, 150_VAL, 151_GLU, 152_SER, 153_GLN, 154_THR, 155_ASN, 156_GLY, 157_ILE, 158_ILE, 159_ARG, 160_ASN, 161_VAL, 162_LEU, 163_GLN, 164_PRO, 165_SER, 166_SER, 167_VAL, 168_ASP, 169_SER, 170_GLN, 171_THR, 172_ALA, 173_MET, 174_VAL, 175_LEU, 176_VAL, 177_ASN, 178_ALA, 179_ILE, 180_VAL, 181_PHE, 182_LYS, 183_GLY, 184_LEU, 185_TRP, 186_GLU, 187_LYS, 188_ALA, 189_PHE, 190_LYS, 191_ASP, 192_GLU, 193_ASP, 194_THR, 195_GLN, 196_ALA, 197_MET, 198_PRO, 199_PHE, 200_ARG, 201_VAL, 202_THR, 203_GLU, 204_GLN, 205_GLU, 206_SER, 207_LYS, 208_PRO, 209_VAL, 210_GLN, 211_MET, 212_MET, 213_TYR, 214_GLN, 215_ILE, 216_GLY, 217_LEU, 218_PHE, 219_ARG, 220_VAL, 221_ALA, 222_SER, 223_MET, 224_ALA, 225_SER, 226_GLU, 227_LYS, 228_MET, 229_LYS, 230_ILE, 231_LEU, 232_GLU, 233_LEU, 234_PRO, 235_PHE, 236_ALA, 237_SER, 238_GLY, 239_THR, 240_MET, 241_SER, 242_MET, 243_LEU, 244_VAL, 245_LEU, 246_LEU, 247_PRO, 248_ASP, 249_GLU, 250_VAL, 251_SER, 252_GLY, 253_LEU, 254_GLU, 255_GLN, 256_LEU, 257_GLU, 258_SER, 259_ILE, 260_ILE, 261_ASN, 262_PHE, 263_GLU, 264_LYS, 265_LEU, 266_THR, 267_GLU, 268_TRP, 269_THR, 270_SER, 271_SER, 272_ASN, 273_VAL, 274_MET, 275_GLU, 276_GLU, 277_ARG, 278_LYS, 279_ILE, 280_LYS, 281_VAL, 282_TYR, 283_LEU, 284_PRO, 285_ARG, 286_MET, 287_LYS, 288_MET, 289_GLU, 290_GLU, 291_LYS, 292_TYR, 293_ASN, 294_LEU, 295_THR, 296_SER, 297_VAL, 298_LEU, 299_MET, 300_ALA, 301_MET, 302_GLY, 303_ILE, 304_THR, 305_ASP, 306_VAL, 307_PHE, 308_SER, 309_SER, 310_SER, 311_ALA, 312_ASN, 313_LEU, 314_SER, 315_GLY, 316_ILE, 317_SER, 318_SER, 319_ALA, 320_GLU, 321_SER, 322_LEU, 323_LYS, 324_ILE, 325_SER, 326_GLN, 327_ALA, 328_VAL, 329_HIS, 330_ALA, 331_ALA, 332_HIS, 333_ALA, 334_GLU, 335_ILE, 336_ASN, 337_GLU, 338_ALA, 339_GLY, 340_ARG, 341_GLU, 342_VAL, 343_VAL, 344_GLY, 345_SER, 346_ALA, 347_GLU, 348_ALA, 349_GLY, 350_VAL, 351_ASP, 352_ALA, 353_ALA, 354_SER, 355_VAL, 356_SER, 357_GLU, 358_GLU, 359_PHE, 360_ARG, 361_ALA, 362_ASP, 363_HIS, 364_PRO, 365_PHE, 366_LEU, 367_PHE, 368_CYS, 369_ILE, 370_LYS, 371_HIS, 372_ILE, 373_ALA, 374_THR, 375_ASN, 376_ALA, 377_VAL, 378_LEU, 379_PHE, 380_PHE, 381_GLY, 382_ARG, 383_CYS, 384_VAL, 385_SER"
1OVB_A,"33_ALA, 34_GLY, 35_TRP, 36_ASN, 37_ILE, 38_PRO, 39_ILE, 40_GLY, 41_THR, 42_LEU, 43_ILE, 44_HIS, 45_ARG, 46_GLU, 47_ASP, 48_ILE, 49_GLU, 50_TRP, 51_GLU, 52_GLY, 53_ILE, 54_GLU, 55_SER, 56_GLY, 57_SER, 58_VAL, 59_GLU, 75_THR, 76_ILE, 77_GLU, 78_GLN, 79_LYS, 80_LEU, 81_CYS, 82_ARG, 83_GLN, 84_CYS, 85_LYS, 86_GLY, 87_ASP, 88_ALA, 89_LYS, 96_ALA, 97_PRO, 98_TYR, 99_SER, 100_GLY, 101_TYR, 102_SER, 103_GLY, 104_ALA, 105_PHE, 106_GLN, 107_CYS, 129_GLU, 130_GLU, 131_LYS, 132_ASP, 133_GLU, 134_TYR, 135_GLU, 136_LEU, 137_LEU, 138_CYS, 139_LEU, 140_ASP"
1TFA_A,"1_LYS, 2_SER, 3_VAL, 4_ILE, 5_ARG, 10_SER, 11_SER, 12_PRO, 13_GLU, 14_GLU, 15_LYS, 16_LYS, 17_CYS, 18_ASN, 19_ASN, 20_LEU, 21_ARG, 22_ASP, 23_LEU, 24_THR, 25_GLN, 26_GLN, 27_GLU, 28_ARG, 29_ILE, 30_SER, 31_LEU, 32_THR, 33_CYS, 34_VAL, 120_ALA, 121_GLY, 122_TRP, 123_ASN, 124_ILE, 125_PRO, 126_ILE, 127_GLY, 128_THR, 129_LEU, 130_ILE, 131_HIS, 132_ARG, 133_GLY, 134_ALA, 135_ILE, 136_GLU, 137_TRP, 138_GLU, 139_GLY, 140_ILE, 141_GLU, 142_SER, 143_GLY, 144_SER, 145_VAL, 146_GLU, 162_THR, 163_ILE, 164_GLU, 165_GLN, 166_LYS, 167_LEU, 168_CYS, 169_ARG, 170_GLN, 171_CYS, 172_LYS, 173_GLY, 174_ASP, 175_PRO, 176_LYS, 183_ALA, 184_PRO, 185_TYR, 186_SER, 187_GLY, 188_TYR, 189_SER, 190_GLY, 191_ALA, 192_PHE, 193_HIS, 194_CYS, 216_ASP, 217_GLN, 218_LYS, 219_ASP, 220_GLU, 221_TYR, 222_GLU, 223_LEU, 224_LEU, 225_CYS, 226_LEU, 227_ASP, 312_ASP, 313_SER, 314_GLN, 315_LEU, 316_TYR, 317_LEU, 318_GLY, 319_PHE, 320_GLU, 321_TYR, 322_TYR, 323_SER, 327_SER, 328_MET"
1UD1_C,"1_PHE, 2_SER, 3_SER, 4_ARG, 5_GLU, 6_GLN, 7_PRO, 8_GLN, 9_GLN, 10_ASN, 11_GLU, 12_CYS, 13_GLN, 14_ILE, 15_GLN, 21_LYS, 22_PRO, 23_ASP, 24_ASN, 25_ARG, 26_ILE, 27_GLU, 28_SER, 29_GLU, 30_GLY, 38_PRO, 39_ASN, 40_ASN, 41_LYS, 42_PRO, 43_PHE, 44_GLN, 45_CYS, 46_ALA, 62_ARG, 63_PRO, 64_SER, 65_TYR, 66_THR, 67_ASN, 68_GLY, 69_PRO, 70_GLN, 71_GLU, 72_ILE, 73_TYR, 74_ILE, 75_GLN, 76_GLN, 77_GLY, 78_LYS, 79_GLY, 80_ILE, 81_PHE, 82_GLY, 83_MET, 84_ILE, 85_TYR, 86_PRO, 87_GLY, 88_SER, 89_PRO, 90_SER, 91_THR, 92_PHE, 93_GLU, 94_GLU, 95_PRO, 96_GLN, 97_GLN, 98_PRO, 99_GLN, 100_GLN, 101_ARG, 102_GLY, 103_GLN, 104_SER, 105_SER, 106_ARG, 107_PRO, 108_GLN, 109_ASP, 110_ARG, 111_HIS, 112_GLN, 113_LYS, 114_ILE, 115_TYR, 116_ASN, 117_PHE, 118_ARG, 119_GLU, 120_GLY, 121_ASP, 122_LEU, 123_ILE, 124_ALA, 125_VAL, 126_PRO, 127_THR, 128_GLY, 129_VAL, 130_ALA, 131_TRP, 132_TRP, 133_MET, 134_TYR, 149_THR, 150_ASN, 151_SER, 152_LEU, 153_GLU, 154_ASN, 155_GLN, 156_LEU, 157_ASP, 158_GLN, 159_MET, 160_PRO, 161_ARG, 162_ARG, 163_PHE, 164_TYR, 165_LEU, 166_ALA, 167_GLY, 168_ASN, 169_GLN, 170_GLU, 171_GLN, 172_GLU, 173_PHE, 174_LEU, 175_LYS, 176_TYR, 177_GLN, 178_GLN, 179_GLU, 180_GLN, 181_GLY, 182_GLY, 183_HIS, 184_GLN, 185_SER, 186_GLN, 187_LYS, 188_GLY, 189_LYS, 190_HIS, 191_GLN, 192_GLN, 193_GLU, 194_GLU, 195_GLU, 196_ASN, 197_GLU, 198_GLY, 199_GLY, 200_SER, 201_ILE, 202_LEU, 203_SER, 204_GLY, 205_PHE, 206_THR, 207_LEU, 208_GLU, 209_PHE, 210_LEU, 211_GLU, 212_HIS, 213_ALA, 214_PHE, 215_SER, 216_VAL, 217_ASP, 223_ASN, 224_LEU, 225_GLN, 226_GLY, 227_GLU, 228_ASN, 229_GLU, 237_VAL, 238_THR, 239_VAL, 240_LYS, 241_GLY, 242_GLY, 243_LEU, 244_SER, 245_VAL, 246_ILE, 247_LYS, 248_PRO, 249_PRO, 250_THR, 251_ASP, 252_GLU, 253_GLN, 254_GLN, 255_GLN, 256_ARG, 257_PRO, 258_GLN, 259_GLU, 260_GLU, 261_GLU, 262_GLU, 263_GLU, 264_GLU, 265_GLU, 266_ASP, 267_GLU, 268_LYS, 269_PRO, 270_GLN, 271_CYS, 272_LYS, 273_GLY, 274_LYS, 275_ASP, 276_LYS, 277_HIS, 278_CYS, 295_GLU, 296_THR, 297_ILE, 298_CYS, 299_THR, 300_MET, 301_ARG, 351_PHE, 352_VAL, 353_PRO, 354_HIS, 355_TYR, 356_ASN, 357_LEU, 463_PHE, 464_LEU, 465_VAL, 466_PRO, 467_PRO, 468_GLN, 469_GLU, 470_SER, 471_GLN, 472_LYS"
1UHG_D,"1_GLY, 2_SER, 3_ILE, 4_GLY, 5_ALA, 6_ALA, 7_SER, 8_MET, 9_GLU, 10_PHE, 11_CYS, 12_PHE, 13_ASP, 14_VAL, 15_PHE, 16_LYS, 17_GLU, 18_LEU, 19_LYS, 20_VAL, 21_HIS, 22_HIS, 23_ALA, 24_ASN, 25_GLU, 26_ASN, 27_ILE, 28_PHE, 29_TYR, 30_CYS, 31_PRO, 32_ILE, 33_ALA, 34_ILE, 35_MET, 36_SER, 37_ALA, 38_LEU, 39_ALA, 40_MET, 41_VAL, 42_TYR, 43_LEU, 44_GLY, 45_ALA, 46_LYS, 47_ASP, 48_SER, 49_THR, 50_ARG, 51_THR, 52_GLN, 53_ILE, 54_ASN, 55_LYS, 56_VAL, 57_VAL, 58_ARG, 59_PHE, 60_ASP, 61_LYS, 62_LEU, 63_PRO, 64_GLY, 65_PHE, 66_GLY, 67_ASP, 68_SER, 69_ILE, 70_GLU, 71_ALA, 72_GLN, 73_CYS, 74_GLY, 75_THR, 76_SER, 77_VAL, 78_ASN, 79_VAL, 80_HIS, 81_SER, 82_SER, 83_LEU, 84_ARG, 85_ASP, 86_ILE, 87_LEU, 88_ASN, 89_GLN, 90_ILE, 91_THR, 92_LYS, 93_PRO, 94_ASN, 95_ASP, 96_VAL, 97_TYR, 98_SER, 99_PHE, 100_SER, 101_LEU, 102_ALA, 103_SER, 104_ARG, 105_LEU, 106_TYR, 107_ALA, 108_GLU, 109_GLU, 110_ARG, 111_TYR, 112_PRO, 113_ILE, 114_LEU, 115_PRO, 116_GLU, 117_TYR, 118_LEU, 119_GLN, 120_CYS, 121_VAL, 122_LYS, 123_GLU, 124_LEU, 125_TYR, 126_ARG, 127_GLY, 128_GLY, 129_LEU, 130_GLU, 131_PRO, 132_ILE, 133_ASN, 134_PHE, 135_GLN, 136_THR, 137_ALA, 138_ALA, 139_ASP, 140_GLN, 141_ALA, 142_ARG, 143_GLU, 144_LEU, 145_ILE, 146_ASN, 147_SER, 148_TRP, 149_VAL, 150_GLU, 151_SER, 152_GLN, 153_THR, 154_ASN, 155_GLY, 156_ILE, 157_ILE, 158_ARG, 159_ASN, 160_VAL, 161_LEU, 162_GLN, 163_PRO, 164_SER, 165_SER, 166_VAL, 167_ASP, 168_SER, 169_GLN, 170_THR, 171_ALA, 172_MET, 173_VAL, 174_LEU, 175_VAL, 176_ASN, 177_ALA, 178_ILE, 179_VAL, 180_PHE, 181_LYS, 182_GLY, 183_LEU, 184_TRP, 185_GLU, 186_LYS, 187_ALA, 188_PHE, 189_LYS, 190_ASP, 191_GLU, 192_ASP, 193_THR, 194_GLN, 195_ALA, 196_MET, 197_PRO, 198_PHE, 199_ARG, 200_VAL, 201_THR, 202_GLU, 203_GLN, 204_GLU, 205_SER, 206_LYS, 207_PRO, 208_VAL, 209_GLN, 210_MET, 211_MET, 212_TYR, 213_GLN, 214_ILE, 215_GLY, 216_LEU, 217_PHE, 218_ARG, 219_VAL, 220_ALA, 221_SER, 222_MET, 223_ALA, 224_SER, 225_GLU, 226_LYS, 227_MET, 228_LYS, 229_ILE, 230_LEU, 231_GLU, 232_LEU, 233_PRO, 234_PHE, 235_ALA, 236_SER, 237_GLY, 238_THR, 239_MET, 240_SER, 241_MET, 242_LEU, 243_VAL, 244_LEU, 245_LEU, 246_PRO, 247_ASP, 248_GLU, 249_VAL, 250_SER, 251_GLY, 252_LEU, 253_GLU, 254_GLN, 255_LEU, 256_GLU, 257_SER, 258_ILE, 259_ILE, 260_ASN, 261_PHE, 262_GLU, 263_LYS, 264_LEU, 265_THR, 266_GLU, 267_TRP, 268_THR, 269_SER, 270_SER, 271_ASN, 272_VAL, 273_MET, 274_GLU, 275_GLU, 276_ARG, 277_LYS, 278_ILE, 279_LYS, 280_VAL, 281_TYR, 282_LEU, 283_PRO, 284_ARG, 285_MET, 286_LYS, 287_MET, 288_GLU, 289_GLU, 290_LYS, 291_TYR, 292_ASN, 293_LEU, 294_THR, 295_SER, 296_VAL, 297_LEU, 298_MET, 299_ALA, 300_MET, 301_GLY, 302_ILE, 303_THR, 304_ASP, 305_VAL, 306_PHE, 307_SER, 308_SER, 309_SER, 310_ALA, 311_ASN, 312_LEU, 313_SER, 314_GLY, 315_ILE, 316_SER, 317_SER, 318_ALA, 319_GLU, 320_SER, 321_LEU, 322_LYS, 323_ILE, 324_SER, 325_GLN, 326_ALA, 327_VAL, 328_HIS, 329_ALA, 330_ALA, 331_HIS, 332_ALA, 333_GLU, 334_ILE, 335_ASN, 336_GLU, 337_ALA, 338_GLY, 339_ARG, 340_GLU, 341_VAL, 342_VAL, 343_GLY, 344_SER, 345_ALA, 346_GLU, 347_ALA, 348_GLY, 349_VAL, 350_ASP, 351_ALA, 352_ALA, 353_SER, 354_VAL, 355_SER, 356_GLU, 357_GLU, 358_PHE, 359_ARG, 360_ALA, 361_ASP, 362_HIS, 363_PRO, 364_PHE, 365_LEU, 366_PHE, 367_CYS, 368_ILE, 369_LYS, 370_HIS, 371_ILE, 372_ALA, 373_THR, 374_ASN, 375_ALA, 376_VAL, 377_LEU, 378_PHE, 379_PHE, 380_GLY, 381_ARG, 382_CYS, 383_VAL, 384_SER"
1UIB_A,"1_LYS, 2_VAL, 3_PHE, 4_GLY, 5_ARG, 6_CYS, 7_GLU, 8_LEU, 9_ALA, 10_ALA, 11_ALA, 12_MET, 13_LYS, 14_GLY, 15_LEU, 16_ASP, 17_ASN, 18_TYR, 19_ARG, 20_GLY, 21_TYR, 22_SER, 23_LEU, 24_GLY, 25_ASN, 26_TRP, 27_VAL, 28_CYS, 29_ALA, 30_ALA, 31_LYS, 32_PHE, 33_GLU, 34_SER, 35_ASN, 36_PHE, 37_ASN, 38_THR, 39_GLN, 40_ALA, 41_THR, 42_ASN, 43_ARG, 44_ASN, 45_THR, 46_ASP, 47_GLY, 48_SER, 49_THR, 50_ASP, 51_TYR, 52_GLY, 53_ILE, 54_LEU, 55_GLN, 56_ILE, 57_ASN, 58_SER, 59_ARG, 60_TRP, 61_TRP, 62_CYS, 63_ASN, 64_ASP, 65_GLY, 66_ARG, 67_THR, 68_PRO, 69_GLY, 70_SER, 71_ARG, 72_ASN, 73_LEU, 74_CYS, 75_ASN, 76_ILE, 77_PRO, 78_CYS, 79_SER, 80_ALA, 81_LEU, 82_LEU, 83_SER, 84_SER, 85_ASP, 86_ILE, 87_THR, 88_ALA, 89_SER, 90_VAL, 91_ASN, 92_CYS, 93_ALA, 94_LYS, 95_LYS, 96_ILE, 97_VAL, 98_SER, 99_ASP, 100_GLY, 101_ASN, 102_GLY, 103_MET, 104_ASN, 105_ALA, 106_TRP, 107_VAL, 108_ALA, 109_TRP, 110_ARG, 111_ASN, 112_ARG, 113_CYS, 114_LYS, 115_GLY, 116_THR, 117_ASP, 118_VAL, 119_GLN, 120_ALA, 121_TRP, 122_ILE, 123_ARG, 124_GLY, 125_CYS, 126_ARG"
1UIJ_F,"12_TYR, 13_PHE, 14_ARG, 15_SER, 16_SER, 17_ASN, 18_SER, 19_PHE, 20_GLN, 21_THR, 22_LEU, 23_PHE, 24_GLU, 25_ASN, 26_GLN, 27_ASN, 28_GLY, 29_ARG, 30_ILE, 31_ARG, 32_LEU, 33_LEU, 34_GLN, 40_SER, 41_PRO, 42_GLN, 43_LEU, 44_GLU, 45_ASN, 46_LEU, 47_ARG, 48_ASP, 49_TYR, 50_ARG, 51_ILE, 52_VAL, 53_GLN, 54_PHE, 55_GLN, 56_SER, 57_LYS, 74_PHE, 75_VAL, 76_LEU, 77_SER, 78_GLY, 79_ARG, 80_ALA, 81_ILE, 82_LEU, 92_SER, 93_TYR, 94_ASN, 95_LEU, 96_HIS, 97_PRO, 99_ASP, 100_ALA, 101_GLN, 102_ARG, 103_ILE, 104_PRO, 110_TYR, 111_LEU, 112_VAL, 113_ASN, 114_PRO, 115_HIS, 116_ASP, 117_HIS, 118_GLN, 119_ASN, 131_LYS, 132_PRO, 133_GLY, 134_ARG, 135_TYR, 136_ASP, 158_LEU, 159_GLU, 160_THR, 161_SER, 162_PHE, 163_HIS, 164_SER, 165_GLU, 166_PHE, 167_GLU, 168_GLU, 169_ILE, 170_ASN, 171_ARG, 172_VAL, 173_LEU, 174_PHE, 175_GLY, 176_GLU, 177_GLU, 178_GLU, 179_GLU, 180_GLN, 181_ARG, 182_GLN, 183_GLN, 184_GLU, 185_GLY, 186_VAL, 187_ILE, 188_VAL, 189_GLU, 190_LEU, 191_SER, 192_LYS, 193_GLU, 194_GLN, 195_ILE, 249_ILE, 250_PHE, 251_LEU, 252_SER, 253_SER, 254_VAL, 255_ASP, 256_ILE, 257_ASN, 272_VAL, 273_ILE, 274_LEU, 275_VAL, 276_ILE, 277_ASN, 278_GLU, 322_ALA, 323_TYR, 324_PRO, 325_PHE, 326_VAL, 327_VAL"
1UIK_C,"10_HIS, 11_PHE, 12_ASN, 13_SER, 14_LYS, 15_ARG, 16_PHE, 17_GLN, 18_THR, 19_LEU, 20_PHE, 34_ASN, 35_LYS, 36_ARG, 37_SER, 38_GLN, 39_GLN, 40_LEU, 41_GLN, 60_LEU, 61_PRO, 62_HIS, 63_HIS, 64_ALA, 65_ASP, 89_SER, 90_TYR, 91_ASN, 92_LEU, 93_GLN, 98_LEU, 99_ARG, 100_VAL, 101_PRO, 102_ALA, 103_GLY, 155_LEU, 156_GLU, 157_ALA, 158_SER, 159_TYR, 160_ASP, 161_THR, 162_LYS, 163_PHE, 164_GLU, 165_GLU, 166_ILE, 167_ASN, 168_LYS, 169_VAL, 170_LEU, 191_GLU, 192_ILE, 193_SER, 194_LYS, 195_LYS, 196_GLN, 200_LEU, 201_SER, 202_LYS, 203_HIS, 204_ALA, 205_LYS, 206_SER, 207_SER, 208_SER, 209_ARG, 210_LYS, 214_SER, 215_GLU, 216_ASP, 217_LYS, 218_PRO, 219_PHE, 258_MET, 259_ASN, 260_GLU, 261_GLY, 262_ALA, 263_LEU, 264_PHE, 265_LEU, 266_PRO, 269_ASN, 270_SER, 271_LYS, 272_ALA, 273_ILE, 274_VAL, 275_VAL, 278_ILE, 279_ASN, 280_GLU, 281_GLY, 282_GLU, 296_ARG, 297_GLN, 298_GLN, 299_GLN, 300_GLU, 301_GLU, 302_GLN, 308_LYS, 309_TYR, 310_ARG, 311_ALA, 312_GLU, 313_LEU, 348_GLN, 349_ARG, 350_ASN, 351_PHE, 352_LEU, 390_TYR, 391_PHE, 392_VAL, 393_ASP, 394_ALA, 395_GLN, 402_GLY, 403_ASN, 404_LYS, 405_GLY, 406_ARG, 407_LYS, 412_SER, 413_ILE, 414_LEU, 415_ARG, 416_ALA"
1W2Q_A,"1_GLY, 2_PRO, 3_MET, 4_ARG, 5_ARG, 6_GLU, 7_ARG, 8_GLY, 9_ARG, 10_GLN, 11_GLY, 12_ASP, 13_SER, 14_SER, 15_SER, 16_CYS, 17_GLU, 18_ARG, 19_GLN, 20_VAL, 21_ASP, 22_ARG, 23_VAL, 24_ASN, 25_LEU, 26_LYS, 27_PRO, 28_CYS, 29_GLU, 30_GLN, 31_HIS, 32_ILE, 33_MET, 34_GLN, 35_ARG, 36_ILE, 37_MET, 38_GLY, 39_GLU, 40_GLN, 41_GLU, 42_GLN, 43_TYR, 44_ASP, 45_SER, 46_TYR, 47_ASP, 48_ILE, 49_ARG, 50_SER, 51_THR, 52_ARG, 53_SER, 54_SER, 55_ASP, 56_GLN, 57_GLN, 58_GLN, 59_ARG, 60_CYS, 61_CYS, 62_ASP, 63_GLU, 64_LEU, 65_ASN, 66_GLU, 67_MET, 68_GLU, 69_ASN, 70_THR, 71_GLN, 72_GLY, 73_CYS, 74_MET, 75_CYS, 76_GLU, 77_ALA, 78_LEU, 79_GLN, 80_GLN, 81_ILE, 82_MET, 83_GLU, 84_ASN, 85_GLN, 86_CYS, 87_ASP, 88_ARG, 89_LEU, 90_GLN, 91_ASP, 92_ARG, 93_GLN, 94_MET, 95_VAL, 96_GLN, 97_GLN, 98_PHE, 99_LYS, 100_ARG, 101_GLU, 102_LEU, 103_MET, 104_SER, 105_LEU, 106_PRO, 107_GLN, 108_GLN, 109_CYS, 110_ASN, 111_PHE, 112_ARG, 113_ALA, 114_PRO, 115_GLN, 116_ARG, 117_CYS, 118_ASP, 119_LEU, 120_ASP, 121_VAL"
1WUW_B,"1_LYS, 2_SER, 3_CYS, 4_CYS, 15_LEU, 16_CYS, 17_ARG, 18_VAL, 19_ARG, 20_GLY, 21_ALA, 22_GLN, 23_LYS, 24_LEU, 25_CYS, 26_ALA, 27_ASN, 28_ALA, 29_CYS, 30_ARG, 31_CYS, 32_LYS, 33_LEU, 34_THR, 35_SER, 36_GLY, 37_LEU, 38_LYS, 39_CYS, 40_PRO, 41_SER, 42_SER, 43_PHE, 44_PRO"
1YUP_H,"1_ILE, 2_ILE, 3_VAL, 4_THR, 5_GLN, 6_THR, 7_MET, 8_LYS, 9_ASP, 10_LEU, 11_ASP, 12_VAL, 13_GLN, 14_LYS, 15_VAL, 16_ALA, 17_GLY, 18_THR, 19_TRP, 20_TYR, 21_SER, 22_LEU, 23_ALA, 24_MET, 25_ALA, 26_ALA"
2BK0_B,"92_LEU, 93_GLY, 94_PHE, 95_ILE, 96_GLU, 97_SER, 98_ILE, 99_GLU, 100_ASN, 101_HIS, 127_VAL, 128_VAL, 129_PRO, 130_GLU, 131_GLU, 132_ASN, 133_ILE, 134_LYS, 135_TYR, 136_ALA, 137_ASN"
2D3I_A,"1_ALA, 2_PRO, 3_PRO, 4_LYS, 5_SER, 6_VAL, 7_ILE, 8_ARG, 13_SER, 14_SER, 15_PRO, 16_GLU, 17_GLU, 18_LYS, 19_LYS, 20_CYS, 21_ASN, 22_ASN, 23_LEU, 24_ARG, 25_ASP, 26_LEU, 27_THR, 28_GLN, 29_GLN, 30_GLU, 31_ARG, 32_ILE, 33_SER, 34_LEU, 35_THR, 36_CYS, 37_VAL, 123_ALA, 124_GLY, 125_TRP, 126_ASN, 127_ILE, 128_PRO, 129_ILE, 130_GLY, 131_THR, 132_LEU, 133_ILE, 134_HIS, 135_ARG, 136_GLY, 137_ALA, 138_ILE, 139_GLU, 140_TRP, 141_GLU, 142_GLY, 143_ILE, 144_GLU, 145_SER, 146_GLY, 147_SER, 148_VAL, 149_GLU, 165_THR, 166_ILE, 167_GLU, 168_GLN, 169_LYS, 170_LEU, 171_CYS, 172_ARG, 173_GLN, 174_CYS, 175_LYS, 176_GLY, 177_ASP, 178_PRO, 179_LYS, 186_ALA, 187_PRO, 188_TYR, 189_SER, 190_GLY, 191_TYR, 192_SER, 193_GLY, 194_ALA, 195_PHE, 196_HIS, 197_CYS, 219_ASP, 220_GLN, 221_LYS, 222_ASP, 223_GLU, 224_TYR, 225_GLU, 226_LEU, 227_LEU, 228_CYS, 229_LEU, 230_ASP, 315_ASP, 316_SER, 317_GLN, 318_LEU, 319_TYR, 320_LEU, 321_GLY, 322_PHE, 323_GLU, 324_TYR, 325_TYR, 326_SER, 330_SER, 331_MET, 332_ARG, 333_LYS, 334_ASP, 335_GLN, 336_LEU, 337_THR, 338_PRO, 339_SER, 340_PRO, 341_ARG, 342_GLU, 343_ASN, 344_ARG, 345_ILE, 346_GLN, 347_TRP, 348_CYS, 360_ARG, 361_TRP, 362_SER, 363_VAL, 364_VAL, 365_SER, 366_ASN, 367_GLY, 368_ASP, 387_GLY, 388_GLU, 389_ALA, 390_ASP, 391_ALA, 392_VAL, 393_ALA, 394_LEU, 395_ASP, 396_GLY, 397_GLY, 398_LEU, 399_VAL, 400_TYR, 401_THR, 402_ALA, 403_GLY, 404_VAL, 405_CYS, 406_GLY, 407_LEU, 408_VAL, 409_PRO, 410_VAL, 411_MET, 412_ALA, 413_GLU, 414_ARG, 415_TYR, 416_ASP, 417_ASP, 418_GLU, 419_SER, 420_GLN, 421_CYS, 422_SER, 459_GLY, 460_ARG, 461_THR, 462_ALA, 463_GLY, 464_TRP, 465_VAL, 466_ILE, 467_PRO, 468_MET, 469_GLY, 470_LEU, 477_THR, 478_CYS, 479_ASN, 480_PHE, 481_ASP, 482_GLU, 483_TYR, 484_PHE, 485_SER, 486_GLU, 487_GLY, 488_CYS, 489_ALA, 490_PRO, 491_GLY, 492_SER, 493_PRO, 494_PRO, 495_ASN, 496_SER, 497_ARG, 498_LEU, 499_CYS, 500_GLN, 501_LEU, 502_CYS, 503_GLN, 504_GLY, 505_SER, 506_GLY, 507_GLY, 508_ILE, 509_PRO, 510_PRO, 511_GLU, 512_LYS, 513_CYS, 514_VAL, 515_ALA, 516_SER, 517_SER, 518_HIS, 519_GLU, 520_LYS, 521_TYR, 522_PHE, 523_GLY, 524_TYR, 525_THR, 526_GLY, 527_ALA, 528_LEU, 529_ARG, 530_CYS, 555_ALA, 556_ASP, 557_TRP, 558_ALA, 559_LYS, 560_ASN, 561_LEU, 562_GLN, 563_MET, 570_CYS, 571_THR, 572_ASP, 573_GLY, 574_ARG, 575_ARG, 576_ALA, 577_ASN, 578_VAL, 579_MET, 580_ASP, 581_TYR, 582_ARG, 583_GLU, 584_CYS, 585_ASN, 586_LEU, 587_ALA, 588_GLU, 589_VAL, 590_PRO, 591_THR, 592_HIS, 593_ALA, 615_PHE, 616_GLY, 617_VAL, 618_ASN, 619_GLY, 620_SER, 621_GLU, 622_LYS, 623_SER, 624_LYS, 625_PHE, 626_MET"
2K7H_A,"84_VAL, 85_VAL, 86_GLY, 87_GLY, 88_ALA, 89_ALA"
2LVF_A,"11_GLN, 12_MET, 13_GLN, 14_ARG, 15_GLN, 16_GLN, 17_MET, 18_LEU, 19_SER, 20_HIS, 21_CYS, 22_ARG, 23_MET, 24_TYR, 39_ARG, 40_ARG, 41_GLY, 42_MET, 43_GLU, 44_PRO, 45_HIS, 46_MET, 47_SER, 48_GLU, 49_CYS, 50_CYS, 51_GLU, 52_GLN, 60_CYS, 61_ARG, 62_CYS, 63_GLU, 64_GLY, 65_LEU, 66_ARG, 67_MET, 68_MET, 69_MET, 70_ARG, 71_MET, 72_MET, 73_GLN, 74_GLN, 75_LYS, 76_GLU, 77_MET, 78_GLN, 79_PRO, 80_ARG, 81_GLY, 82_GLU, 83_GLN, 84_MET, 85_ARG, 86_ARG, 87_MET, 88_MET, 89_ARG, 90_LEU, 91_ALA, 92_GLU, 93_ASN, 94_ILE, 95_PRO, 96_SER, 97_ARG, 98_CYS, 99_ASN, 100_LEU, 101_SER"
2MBX_A,"1_MET, 2_ALA, 3_PHE, 4_ALA, 5_GLY, 6_ILE"
2PLH_A,"1_LYS, 2_SER, 3_CYS, 4_CYS, 15_LEU, 16_CYS, 17_ARG, 18_ALA, 19_ARG, 20_GLY, 21_ALA, 22_GLN, 23_LYS, 24_LEU, 25_CYS, 26_ALA, 27_GLY, 28_VAL, 29_CYS, 30_ARG, 31_CYS, 32_LYS, 33_ILE, 34_SER, 35_SER, 36_GLY, 37_LEU, 38_SER, 39_CYS, 40_PRO, 41_LYS, 42_GLY, 43_PHE, 44_PRO"
2W4U_X,"41_LYS, 42_LYS, 43_LEU, 44_LYS, 45_GLY, 46_THR, 47_GLU, 48_ASP, 49_GLU, 50_LEU, 51_ASP, 52_LYS, 53_TYR, 54_SER, 85_ILE, 86_GLN, 87_LEU, 88_VAL, 89_GLU, 90_GLU, 91_GLU, 92_LEU, 93_ASP, 94_ARG, 95_ALA, 96_GLN, 97_GLU, 98_ARG, 257_LYS, 258_LEU, 259_LYS, 260_TYR, 261_LYS, 262_ALA, 263_ILE, 264_SER, 265_GLU, 266_GLU, 267_LEU, 268_ASP, 269_HIS"
2WQL_D,"92_LEU, 93_GLY, 94_PHE, 95_ILE, 96_GLU, 97_SER, 98_ILE, 99_GLU, 100_THR, 101_HIS, 127_VAL, 128_VAL, 129_PRO, 130_GLU, 131_GLU, 132_ASN, 133_ILE, 134_LYS, 135_PHE, 136_ALA, 137_ASP"
3KZA_B,"1_THR, 2_ASN, 3_ILE, 4_PRO, 5_GLN, 6_THR, 7_MET, 8_GLN, 9_ASP, 10_LEU, 11_ASP, 12_LEU, 13_GLN, 14_GLU, 15_VAL, 16_ALA, 17_GLY, 18_THR, 19_TRP, 20_TYR, 21_SER, 22_LEU, 23_ALA, 24_MET, 25_ALA, 26_ALA"
3OTP_L,"1_GLY, 2_THR, 3_GLY, 4_ASP, 5_ASN, 6_TYR, 7_ARG, 8_GLY, 9_TYR, 10_SER, 11_LEU, 12_GLY, 13_ASN, 14_TRP, 15_VAL, 16_SER, 17_ALA, 18_ALA, 19_LYS, 20_PHE, 21_GLU, 22_SER, 23_ASN, 24_PHE, 25_ASN, 26_THR, 27_GLN, 28_ALA, 29_THR, 30_ASN, 31_ARG, 32_ASN, 33_THR, 34_ASP, 35_GLY, 36_SER, 37_THR, 38_ASP, 39_TYR, 40_GLY, 41_ILE, 42_LEU, 43_GLN"
3OVO_A,"1_LEU, 2_ALA, 3_ALA, 4_VAL, 5_SER, 6_VAL, 7_ASP, 8_CYS, 9_SER, 10_GLU, 11_TYR, 12_PRO, 13_LYS, 14_PRO, 15_ALA, 16_CYS, 17_PRO, 18_LYS, 19_ASP, 20_TYR, 21_ARG, 22_PRO, 23_VAL, 24_CYS, 25_GLY, 26_SER, 27_ASP, 28_ASN, 29_LYS, 30_THR, 31_TYR, 32_SER, 33_ASN, 34_LYS, 35_CYS, 36_ASN, 37_PHE, 38_CYS, 39_ASN, 40_ALA, 41_VAL, 42_VAL, 43_GLU, 44_SER, 45_ASN, 46_GLY, 47_THR, 48_LEU, 49_THR, 50_LEU, 51_ASN, 52_HIS, 53_PHE, 54_GLY, 55_LYS"
3PH6_B,"1_ILE, 2_VAL, 3_THR, 4_GLN, 5_THR, 6_MET, 7_LYS, 8_GLY, 9_LEU, 10_ASP, 11_ILE, 12_GLN, 13_LYS, 14_VAL, 15_ALA, 16_GLY, 17_THR, 18_TRP, 19_TYR, 20_SER, 21_LEU, 22_ALA, 23_MET, 24_ALA, 25_ALA"
3S7I_B,"1_MET, 2_SER, 3_ARG, 4_ASN, 5_ASN, 6_PRO, 7_PHE, 8_TYR, 9_PHE, 10_PRO, 11_SER, 12_ARG, 13_ARG, 14_PHE, 15_SER, 16_THR, 17_ARG, 18_TYR, 19_GLY, 20_ASN, 21_GLN, 22_ASN, 23_GLY, 24_ARG, 25_ILE, 26_ARG, 27_VAL, 28_LEU, 29_GLN, 30_ARG, 31_PHE, 32_ASP, 33_GLN, 34_ARG, 35_SER, 36_ARG, 37_GLN, 38_PHE, 39_GLN, 40_ASN, 41_LEU, 42_GLN, 43_ASN, 44_HIS, 45_ARG, 46_ILE, 47_VAL, 48_GLN, 49_ILE, 50_GLU, 51_ALA, 52_LYS, 53_PRO, 54_ASN, 55_THR, 56_LEU, 57_VAL, 58_LEU, 59_PRO, 60_LYS, 61_HIS, 62_ALA, 63_ASP, 64_ALA, 65_ASP, 66_ASN, 67_ILE, 68_LEU, 69_VAL, 70_ILE, 71_GLN, 72_GLN, 73_GLY, 74_GLN, 75_ALA, 76_THR, 88_PHE, 89_ASN, 90_LEU, 91_ASP, 92_GLU, 93_GLY, 94_HIS, 95_ALA, 96_LEU, 97_ARG, 98_ILE, 99_PRO, 100_SER, 101_GLY, 102_PHE, 103_ILE, 104_SER, 105_TYR, 106_ILE, 107_LEU, 108_ASN, 109_ARG, 110_HIS, 111_ASP, 112_ASN, 113_GLN, 114_ASN, 115_LEU, 116_ARG, 117_VAL, 118_ALA, 119_LYS, 120_ILE, 121_SER, 122_MET, 123_PRO, 124_VAL, 125_ASN, 126_THR, 127_PRO, 128_GLY, 129_GLN, 130_PHE, 131_GLU, 132_ASP, 133_PHE, 134_PHE, 135_PRO, 136_ALA, 137_SER, 138_SER, 139_ARG, 140_ASP, 141_GLN, 142_SER, 143_SER, 144_TYR, 145_LEU, 146_GLN, 147_GLY, 148_PHE, 149_SER, 150_ARG, 151_ASN, 152_THR, 153_LEU, 154_GLU, 155_ALA, 156_ALA, 157_PHE, 158_ASN, 159_ALA, 160_GLU, 161_PHE, 162_ASN, 163_GLU, 164_ILE, 165_ARG, 166_ARG, 167_VAL, 168_LEU, 169_LEU, 170_GLU, 171_GLU, 172_ASN, 173_ALA, 174_GLY, 175_GLY, 176_GLU, 177_GLN, 178_GLU, 179_GLU, 180_ARG, 181_GLY, 182_GLN, 183_ARG, 184_ARG, 185_TRP, 186_SER, 187_THR, 188_ARG, 189_SER, 190_SER, 191_GLU, 192_ASN, 193_ASN, 194_GLU, 195_GLY, 196_VAL, 197_ILE, 198_VAL, 199_LYS, 200_VAL, 201_SER, 202_LYS, 203_GLU, 204_HIS, 205_VAL, 206_GLU, 207_GLU, 208_LEU, 209_THR, 210_LYS, 211_HIS, 212_ALA, 213_LYS, 214_SER, 215_VAL, 216_SER, 217_LYS, 218_LYS, 219_GLY, 220_SER, 221_GLU, 222_GLU, 223_GLU, 224_GLY, 225_ASP, 226_ILE, 227_THR, 228_ASN, 229_PRO, 230_ILE, 231_ASN, 232_LEU, 233_ARG, 234_GLU, 235_GLY, 236_GLU, 237_PRO, 238_ASP, 239_LEU, 240_SER, 241_ASN, 242_ASN, 243_PHE, 244_GLY, 245_LYS, 246_LEU, 247_PHE, 248_GLU, 249_VAL, 250_LYS, 251_PRO, 252_ASP, 253_LYS, 254_LYS, 255_ASN, 256_PRO, 257_GLN, 258_LEU, 259_GLN, 260_ASP, 261_LEU, 262_ASP, 263_MET, 264_MET, 265_LEU, 266_THR, 267_CYS, 268_VAL, 269_GLU, 270_ILE, 271_LYS, 272_GLU, 273_GLY, 274_ALA, 275_LEU, 276_MET, 277_LEU, 278_PRO, 279_HIS, 280_PHE, 281_ASN, 282_SER, 283_LYS, 284_ALA, 285_MET, 286_VAL, 287_ILE, 288_VAL, 289_VAL, 290_VAL, 291_ASN, 292_LYS, 293_GLY, 294_THR, 295_GLY, 296_ASN, 297_LEU, 298_GLU, 299_LEU, 300_VAL, 301_ALA, 302_VAL, 303_ARG, 304_LYS, 305_GLU, 306_GLN, 307_GLN, 308_GLN, 309_ARG, 310_GLY, 311_ARG, 312_ARG, 313_GLU, 314_GLU, 315_GLU, 316_GLU, 317_ASP, 318_GLU, 319_ASP, 320_GLU, 321_GLU, 322_GLU, 323_GLU, 324_GLY, 325_SER, 326_ASN, 327_ARG, 328_GLU, 329_VAL, 330_ARG, 331_ARG, 332_TYR, 333_THR, 334_ALA, 335_ARG, 336_LEU, 337_LYS, 338_GLU, 339_GLY, 340_ASP, 341_VAL, 342_PHE, 343_ILE, 344_MET, 345_PRO, 346_ALA, 347_ALA, 348_HIS, 349_PRO, 350_VAL, 351_ALA, 352_ILE, 353_ASN, 354_ALA, 355_SER, 356_SER, 357_GLU, 358_LEU, 359_HIS, 360_LEU, 361_LEU, 362_GLY, 363_PHE, 364_GLY, 365_ILE, 366_ASN, 367_ALA, 368_GLU, 369_ASN, 370_ASN, 371_HIS, 372_ARG, 373_ILE, 374_PHE, 375_LEU, 376_ALA, 377_GLY, 378_ASP, 379_LYS, 380_ASP, 381_ASN, 382_VAL, 383_ILE, 384_ASP, 385_GLN, 386_ILE, 387_GLU, 388_LYS, 389_GLN, 390_ALA, 391_LYS, 392_ASP, 393_LEU, 394_ALA, 395_PHE, 396_PRO, 397_GLY, 398_SER, 399_GLY, 400_GLU, 401_GLN, 402_VAL, 403_GLU, 404_LYS, 405_LEU, 406_ILE, 407_LYS, 408_ASN, 409_GLN, 410_LYS, 411_GLU, 412_SER, 413_HIS, 414_PHE, 415_VAL, 416_SER, 417_ALA"
3SGQ_I,"1_VAL, 2_ASP, 3_CYS, 4_SER, 5_GLU, 6_TYR, 7_PRO, 8_LYS, 9_PRO, 10_ALA, 11_CYS, 12_THR, 13_GLN, 14_GLU, 15_TYR, 16_ARG, 17_PRO, 18_LEU, 19_CYS, 20_GLY, 21_SER, 22_ASP, 23_ASN, 24_LYS, 25_THR, 26_TYR, 27_GLY, 28_ASN, 29_LYS, 30_CYS, 31_ASN, 32_PHE, 33_CYS, 34_ASN, 35_ALA, 36_VAL, 37_VAL, 38_GLU, 39_SER, 40_ASN, 41_GLY, 42_THR, 43_LEU, 44_THR, 45_LEU, 46_SER, 47_HIS, 48_PHE, 49_GLY, 50_LYS"
3SMH_F,"1_SER, 2_ARG, 3_ASN, 4_ASN, 5_PRO, 6_PHE, 7_TYR, 8_PHE, 9_PRO, 10_SER, 11_ARG, 12_ARG, 13_PHE, 14_SER, 15_THR, 16_ARG, 17_TYR, 18_GLY, 19_ASN, 20_GLN, 21_ASN, 22_GLY, 23_ARG, 24_ILE, 25_ARG, 26_VAL, 27_LEU, 28_GLN, 29_ARG, 30_PHE, 31_ASP, 32_GLN, 33_ARG, 34_SER, 35_ARG, 36_GLN, 37_PHE, 38_GLN, 39_ASN, 40_LEU, 41_GLN, 42_ASN, 43_HIS, 44_ARG, 45_ILE, 46_VAL, 47_GLN, 48_ILE, 49_GLU, 50_ALA, 51_LYS, 52_PRO, 53_ASN, 54_THR, 55_LEU, 56_VAL, 57_LEU, 58_PRO, 59_LYS, 60_HIS, 61_ALA, 62_ASP, 63_ALA, 64_ASP, 65_ASN, 66_ILE, 67_LEU, 68_VAL, 69_ILE, 70_GLN, 71_GLN, 72_GLY, 73_GLN, 74_ALA, 75_THR, 87_PHE, 88_ASN, 89_LEU, 90_ASP, 91_GLU, 92_GLY, 93_HIS, 94_ALA, 95_LEU, 96_ARG, 97_ILE, 98_PRO, 99_SER, 100_GLY, 101_PHE, 102_ILE, 103_SER, 104_TYR, 105_ILE, 106_LEU, 107_ASN, 108_ARG, 109_HIS, 110_ASP, 111_ASN, 112_GLN, 113_ASN, 114_LEU, 115_ARG, 116_VAL, 117_ALA, 118_LYS, 119_ILE, 120_SER, 121_MET, 122_PRO, 123_VAL, 124_ASN, 125_THR, 126_PRO, 127_GLY, 128_GLN, 129_PHE, 130_GLU, 131_ASP, 132_PHE, 133_PHE, 134_PRO, 135_ALA, 136_SER, 137_SER, 138_ARG, 139_ASP, 140_GLN, 141_SER, 142_SER, 143_TYR, 144_LEU, 145_GLN, 146_GLY, 147_PHE, 148_SER, 149_ARG, 150_ASN, 151_THR, 152_LEU, 153_GLU, 154_ALA, 155_ALA, 156_PHE, 157_ASN, 158_ALA, 159_GLU, 160_PHE, 161_ASN, 162_GLU, 163_ILE, 164_ARG, 165_ARG, 166_VAL, 167_LEU, 168_LEU, 169_GLU, 170_GLU, 171_ASN, 172_ALA, 173_GLY, 174_GLY, 175_GLU, 176_GLN, 177_GLU, 178_GLU, 179_ARG, 180_GLY, 181_GLN, 182_ARG, 183_ARG, 184_TRP, 185_SER, 186_THR, 187_ARG, 188_SER, 189_SER, 190_GLU, 191_ASN, 192_ASN, 193_GLU, 194_GLY, 195_VAL, 196_ILE, 197_VAL, 198_LYS, 199_VAL, 200_SER, 201_LYS, 202_GLU, 203_HIS, 204_VAL, 205_GLU, 206_GLU, 207_LEU, 208_THR, 209_LYS, 210_HIS, 211_ALA, 212_LYS, 213_SER, 214_VAL, 215_SER, 216_LYS, 217_LYS, 218_GLY, 219_SER, 220_GLU, 221_GLU, 222_GLU, 223_GLY, 224_ASP, 225_ILE, 226_THR, 227_ASN, 228_PRO, 229_ILE, 230_ASN, 231_LEU, 232_ARG, 233_GLU, 234_GLY, 235_GLU, 236_PRO, 237_ASP, 238_LEU, 239_SER, 240_ASN, 241_ASN, 242_PHE, 243_GLY, 244_LYS, 245_LEU, 246_PHE, 247_GLU, 248_VAL, 249_LYS, 250_PRO, 251_ASP, 252_LYS, 253_LYS, 254_ASN, 255_PRO, 256_GLN, 257_LEU, 258_GLN, 259_ASP, 260_LEU, 261_ASP, 262_MET, 263_MET, 264_LEU, 265_THR, 266_CYS, 267_VAL, 268_GLU, 269_ILE, 270_LYS, 271_GLU, 272_GLY, 273_ALA, 274_LEU, 275_VAL, 276_LEU, 277_PRO, 278_HIS, 279_PHE, 280_ASN, 281_SER, 282_LYS, 283_ALA, 284_MET, 285_VAL, 286_ILE, 287_VAL, 288_VAL, 289_VAL, 290_ASN, 291_LYS, 292_GLY, 293_THR, 294_GLY, 295_ASN, 296_LEU, 297_GLU, 298_LEU, 299_VAL, 300_ALA, 301_VAL, 302_ARG, 303_LYS, 304_GLU, 305_GLN, 306_GLN, 307_GLN, 308_ARG, 309_GLY, 310_ARG, 311_ARG, 312_GLU, 313_GLU, 314_GLU, 315_GLU, 316_ASP, 317_GLU, 318_ASP, 319_GLU, 320_GLU, 321_GLU, 322_GLU, 323_GLY, 324_SER, 325_ASN, 326_ARG, 327_GLU, 328_VAL, 329_ARG, 330_ARG, 331_TYR, 332_THR, 333_ALA, 334_ARG, 335_LEU, 336_LYS, 337_GLU, 338_GLY, 339_ASP, 340_VAL, 341_PHE, 342_ILE, 343_MET, 344_PRO, 345_ALA, 346_ALA, 347_HIS, 348_PRO, 349_VAL, 350_ALA, 351_ILE, 352_ASN, 353_ALA, 354_SER, 355_SER, 356_GLU, 357_LEU, 358_HIS, 359_LEU, 360_LEU, 361_GLY, 362_PHE, 363_GLY, 364_ILE, 365_ASN, 366_ALA, 367_GLU, 368_ASN, 369_ASN, 370_HIS, 371_ARG, 372_ILE, 373_PHE, 374_LEU, 375_ALA, 376_GLY, 377_ASP, 378_LYS, 379_ASP, 380_ASN, 381_VAL, 382_ILE, 383_ASP, 384_GLN, 385_ILE, 386_GLU, 387_LYS, 388_GLN, 389_ALA, 390_LYS, 391_ASP, 392_LEU, 393_ALA, 394_PHE, 395_PRO, 396_GLY, 397_SER, 398_GLY, 399_GLU, 400_GLN, 401_VAL, 402_GLU, 403_LYS, 404_LEU, 405_ILE, 406_LYS, 407_ASN, 408_GLN, 409_LYS, 410_GLU, 411_SER, 412_HIS, 413_PHE, 414_VAL, 415_SER, 416_ALA, 417_ARG"
3U59_D,"51_LYS, 52_LYS, 53_LEU, 54_LYS, 55_GLY, 56_THR, 57_GLU, 58_ASP, 59_GLU, 60_VAL, 61_GLU, 62_LYS, 63_TYR, 64_SER, 95_ILE, 96_GLN, 97_LEU, 98_VAL, 99_GLU, 100_GLU"
3WOG_B,"30_LEU, 31_ARG, 32_LEU, 33_THR, 34_ASN, 35_VAL, 36_ASN, 37_ASP, 38_ASN, 39_GLY, 40_GLU, 41_PRO, 70_THR, 71_SER, 72_PHE, 73_THR, 74_PHE, 75_ASN, 76_ILE, 77_ASP, 78_VAL, 91_VAL, 92_LEU, 93_LEU, 94_PRO, 95_VAL, 96_GLY, 97_SER, 98_GLN, 99_PRO, 100_LYS, 106_LEU, 107_GLY, 108_LEU, 109_PHE, 110_ASN, 111_ASN, 112_TYR, 113_LYS, 114_TYR, 115_ASP, 116_SER, 124_GLU, 125_PHE, 126_ASP, 127_THR, 128_LEU, 129_TYR, 130_ASN, 131_VAL, 132_HIS, 133_TRP, 134_ASP, 135_PRO"
3ZVQ_A,"1_LYS, 2_VAL, 3_PHE, 4_GLY, 5_ARG, 6_CYS, 7_GLU, 8_LEU, 9_ALA, 10_ALA, 11_ALA, 12_MET, 13_LYS, 14_ARG, 15_HIS, 16_GLY, 17_LEU, 18_ASP, 19_ASN, 20_TYR, 21_ARG, 22_GLY, 23_TYR, 24_SER, 25_LEU, 26_GLY, 27_ASN, 28_TRP, 29_VAL, 30_CYS, 31_ALA, 32_ALA, 33_LYS, 34_PHE, 35_GLU, 36_SER, 37_ASN, 38_PHE, 39_ASN, 40_THR, 41_GLN, 42_ALA, 43_THR, 44_ASN, 45_ARG, 46_ASN, 47_THR, 48_ASP, 49_GLY, 50_SER, 51_THR, 52_ASP, 53_TYR, 54_GLY, 55_ILE, 56_LEU, 57_GLN, 58_ILE, 59_ASN, 60_SER, 61_ARG, 62_TRP, 63_TRP, 64_CYS, 65_ASN, 66_ASP, 67_GLY, 68_ARG, 69_THR"
4A7L_H,"1_GLU, 2_LEU, 3_ASP, 4_ARG, 5_ALA, 6_GLN, 7_GLU, 8_ARG"
4D69_L,"102_GLN, 103_THR, 104_HIS, 105_ALA, 106_GLY, 107_TYR, 128_PHE, 129_ARG, 130_ASN, 131_SER, 132_TRP, 133_ASP, 228_PHE, 229_ALA, 230_SER, 231_ASN, 232_LEU, 233_PRO, 234_HIS, 235_ALA, 236_SER, 237_SER, 238_ASN, 239_ILE, 240_ASP"
4ESP_A,"5_TYR, 6_VAL, 7_ASP, 8_ASP, 9_HIS, 10_LEU, 11_LEU, 12_CYS, 13_GLU, 14_ILE, 15_GLU, 16_GLY, 17_ASN, 18_HIS, 19_LEU, 20_SER, 21_SER, 22_ALA, 23_ALA, 24_ILE, 30_SER, 31_VAL, 32_TRP, 33_ALA, 34_GLN, 35_SER, 36_SER, 37_ASN, 38_PHE, 39_PRO, 40_GLN, 41_PHE, 42_LYS, 43_PRO, 44_GLU, 45_GLU, 46_ILE, 47_THR, 48_ALA, 49_ILE, 50_MET, 51_ASN, 52_ASP, 53_PHE, 54_ALA, 55_GLU, 56_PRO, 57_GLY, 58_SER, 59_LEU, 60_ALA, 61_PRO, 62_THR, 63_GLY, 64_LEU, 65_TYR, 66_LEU, 67_GLY, 68_GLY, 69_THR, 70_LYS, 71_TYR, 72_MET, 73_VAL, 74_ILE, 75_GLN, 76_GLY, 77_GLU, 78_PRO, 79_GLY, 80_THR, 81_VAL, 82_ILE, 83_ARG, 84_GLY, 90_GLY, 91_VAL, 92_THR, 93_ILE, 94_LYS, 95_LYS, 96_THR, 97_ASN, 98_GLN, 99_ALA, 100_LEU, 101_ILE, 102_ILE, 103_GLY, 104_ILE, 105_TYR, 106_ASP, 107_GLU, 108_PRO, 109_MET, 110_THR, 111_PRO, 112_GLY, 113_GLN, 114_CYS, 115_ASN, 116_MET, 117_ILE, 118_VAL, 119_GLU, 120_LYS, 121_LEU, 122_GLY, 123_ASP, 124_TYR, 125_LEU, 126_ILE, 127_ASP, 128_THR, 129_GLY"
4OVO_A,"1_LEU, 2_ALA, 3_ALA, 4_VAL, 5_SER, 6_VAL, 7_ASP, 8_CYS, 9_SER, 10_GLU, 11_TYR, 12_PRO, 13_LYS, 14_PRO, 15_ALA, 16_CYS, 17_THR, 18_MET, 19_GLU, 20_TYR, 21_ARG, 22_PRO, 23_LEU, 24_CYS, 25_GLY, 26_SER, 27_ASP, 28_ASN, 29_LYS, 30_THR, 31_TYR, 32_GLY, 33_ASN, 34_LYS, 35_CYS, 36_ASN, 37_PHE, 38_CYS, 39_ASN, 40_ALA, 41_VAL, 42_VAL, 43_GLU, 44_SER, 45_ASN, 46_GLY, 47_THR, 48_LEU, 49_THR, 50_LEU, 51_SER, 52_HIS, 53_PHE, 54_GLY, 55_LYS"
4PAL_A,"12_ALA, 13_ALA, 14_ALA, 15_LEU, 16_ALA, 17_ALA, 18_CYS, 65_LEU, 66_PHE, 67_LEU, 68_GLN, 69_ASN, 70_PHE, 71_SER"
5AVA_H,"51_LEU, 52_ARG, 53_LEU, 54_THR, 55_ASN, 56_VAL, 57_ASN, 58_ASP, 59_ASN, 60_GLY, 61_GLU, 62_PRO, 91_THR, 92_SER, 93_PHE, 94_THR, 95_PHE, 96_ASN, 97_ILE, 98_ASP, 99_VAL, 112_VAL, 113_LEU, 114_LEU, 115_PRO, 116_VAL, 117_GLY, 118_SER, 119_GLN, 120_PRO, 121_LYS, 127_LEU, 128_GLY, 129_LEU, 130_PHE, 131_ASN, 132_ASN, 133_TYR, 134_LYS, 135_TYR, 136_ASP, 137_SER, 145_GLU, 146_PHE, 147_ASP, 148_THR, 149_LEU, 150_TYR, 151_ASN, 152_VAL, 153_HIS, 154_TRP, 155_ASP, 156_PRO"
5CPV_A,"21_ALA, 22_ALA, 23_ASP, 24_SER, 25_PHE, 26_ASN, 27_HIS, 28_LYS, 64_LEU, 65_LYS, 66_LEU, 67_PHE, 68_LEU, 69_GLN, 70_ASN"
5EYW_B,"45_PRO, 46_GLN, 47_CYS, 48_TYR, 49_LEU, 50_MET, 51_TYR, 52_THR, 53_ARG, 54_GLU, 55_HIS, 56_MET, 57_PRO, 58_ALA, 59_ASN, 60_ILE, 67_CYS, 68_TYR, 69_LYS, 70_VAL, 71_ALA, 72_LYS, 73_GLY, 74_ALA, 75_PHE, 76_THR, 77_GLY, 78_GLU, 79_ILE, 80_SER, 81_PRO, 82_ALA, 83_MET, 84_VAL, 85_LYS, 86_ASP, 87_CYS, 88_GLY, 89_CYS, 90_GLU, 91_TRP, 92_VAL, 99_ARG, 100_ARG, 101_ASN, 102_VAL, 103_PHE, 104_GLY, 105_GLU, 106_PRO, 107_ASP, 108_GLN, 109_LEU, 110_ILE, 111_SER, 131_LYS, 132_LEU, 133_GLU, 134_ASP, 135_ARG, 136_GLU, 137_GLY, 138_ASN, 139_ARG, 140_THR, 141_GLN, 142_GLU, 143_VAL, 174_GLY, 175_LYS, 176_THR, 177_ALA, 178_SER, 179_PRO, 180_GLU, 181_GLN, 182_ALA, 183_GLN, 197_VAL, 198_ASN, 199_ALA, 200_GLU, 201_VAL, 202_ALA, 203_GLU, 204_SER, 205_THR, 206_ARG, 238_LYS, 239_PRO, 240_ASP, 241_PHE, 242_VAL, 243_GLN, 244_ILE, 245_ILE, 246_ASN, 247_ALA, 248_ARG"
5FEG_B,"23_ALA, 24_ALA, 25_ILE, 26_ILE, 27_GLY, 28_GLN, 29_ASP, 30_GLY, 31_SER, 32_VAL, 33_TRP, 34_ALA, 35_GLN, 36_SER, 111_THR, 112_PRO, 113_GLY, 114_GLN, 115_CYS, 116_ASN, 119_VAL, 120_GLU, 121_ARG, 122_LEU, 123_GLY, 124_ASP, 125_TYR, 126_LEU, 127_ILE, 128_ASP, 129_GLN, 130_GLY"
5K06_A,"1_MET, 2_LEU, 3_ILE, 4_VAL, 5_THR, 6_GLN, 7_THR, 8_MET, 9_LYS, 10_GLY, 11_LEU, 12_ASP, 13_ILE, 14_GLN, 15_LYS, 16_VAL, 17_ALA, 18_GLY, 19_THR, 20_TRP, 21_TYR, 22_SER, 23_LEU, 24_ALA, 25_MET, 26_ALA, 27_ALA"
5XND_A,"7_ALA, 8_PHE, 9_ALA, 10_SER, 11_VAL, 12_LEU, 13_LYS"
6AX0_B,"1_MET, 2_GLY, 3_VAL, 4_PHE, 5_THR, 6_PHE, 7_GLU, 8_ASP, 9_GLU, 10_ILE, 11_THR, 12_SER, 13_THR, 14_VAL, 15_PRO, 21_ASN, 22_ALA, 23_MET, 24_LYS, 25_ASP, 26_ALA, 27_ASP, 28_SER, 29_ILE, 30_THR, 31_PRO, 32_LYS, 33_ILE, 34_ILE, 35_ASP, 36_ASP, 37_VAL, 38_LYS, 39_SER, 40_VAL, 81_ASN, 82_TYR, 83_SER, 84_VAL, 85_VAL, 86_GLY, 87_GLY, 88_VAL, 89_ALA, 90_LEU, 91_PRO, 92_PRO, 93_THR, 94_ALA, 95_GLU, 96_LYS, 97_ILE, 98_THR, 99_PHE, 100_GLU"
6B1D_C,"1_GLY, 2_VAL, 3_PHE, 4_THR, 5_PHE, 6_GLU, 7_ASP, 8_GLU, 9_ILE, 10_THR, 11_SER, 12_THR, 13_VAL, 14_PRO, 20_ASN, 21_ALA, 22_MET, 23_LYS, 24_ASP, 25_ALA, 26_ASP, 27_SER, 28_ILE, 29_THR, 30_PRO, 31_LYS, 32_ILE, 33_ILE, 34_ASP, 35_ASP, 36_VAL, 37_LYS, 38_SER, 39_VAL, 80_ASN, 81_TYR, 82_SER, 83_VAL, 84_VAL, 85_GLY, 86_GLY, 87_VAL, 88_ALA, 89_LEU, 90_PRO, 91_PRO, 92_THR, 93_ALA, 94_GLU, 95_LYS, 96_ILE, 97_THR, 98_PHE, 99_GLU"
6D9I_B,"1_LYS, 2_VAL, 3_TYR, 4_SER, 5_ARG, 6_CYS, 7_GLU, 8_LEU, 9_ALA, 10_ALA, 11_ALA, 12_MET, 13_LYS, 14_ARG, 15_LEU, 16_GLY, 17_LEU, 18_ASP, 19_ASN, 20_TYR, 21_ARG, 22_GLY, 23_TYR, 24_SER, 25_LEU, 26_GLY, 27_ASN, 28_TRP, 29_VAL, 30_CYS, 31_ALA, 32_ALA, 33_ASN, 34_TYR, 35_GLU, 36_SER, 37_GLY, 38_PHE, 39_ASN, 40_THR, 41_GLN, 42_ALA, 43_THR, 44_ASN, 45_ARG, 46_ASN, 47_THR, 48_ASP, 49_GLY, 50_SER, 51_THR, 52_ASP, 53_TYR, 54_GLY, 55_ILE, 56_LEU, 57_GLN, 58_ILE, 59_ASN, 60_SER, 61_ARG, 62_TRP, 63_TRP, 64_CYS, 65_ASP, 66_ASP, 67_GLY, 68_LYS, 69_THR, 70_PRO, 71_ARG, 72_SER, 73_LYS, 74_ASN, 75_ALA, 76_CYS, 77_GLY, 78_ILE, 79_PRO, 80_CYS, 81_SER, 82_VAL, 83_LEU, 84_LEU, 85_ARG, 86_SER, 87_ASP, 88_ILE, 89_THR, 90_GLU, 91_ALA, 92_VAL, 93_ARG, 94_CYS, 95_ALA, 96_LYS, 97_ARG, 98_ILE, 99_VAL, 100_SER, 101_ASP, 102_GLY, 103_ASN, 104_GLY, 105_MET, 106_ASN, 107_ALA, 108_TRP, 109_VAL, 110_ALA, 111_TRP, 112_ARG, 113_ASN, 114_ARG, 115_CYS, 116_ARG, 117_GLY, 118_THR, 119_ASP, 120_VAL, 121_SER, 122_LYS, 123_TRP, 124_ILE, 125_ARG, 126_GLY, 127_CYS, 128_ARG"
6IP9_A,"1_GLU, 2_GLN, 3_LEU, 4_THR, 5_LYS, 6_CYS, 7_GLU, 8_VAL, 9_PHE, 10_ARG, 11_GLU, 12_LEU, 13_LYS, 14_ASP, 15_LEU, 16_LYS, 17_GLY, 18_TYR, 19_GLY, 20_GLY, 21_VAL, 22_SER, 23_LEU, 24_PRO, 25_GLU, 26_TRP, 27_VAL, 28_CYS, 29_THR, 30_THR, 31_PHE, 32_HIS, 33_THR, 34_SER, 35_GLY, 36_TYR, 37_ASP, 38_THR, 39_GLN, 40_ALA, 41_ILE, 42_VAL, 43_GLN, 44_ASN, 45_ASN, 46_ASP, 47_SER, 48_THR, 49_GLU, 50_TYR, 51_GLY, 52_LEU, 53_PHE, 54_GLN, 55_ILE, 56_ASN, 57_ASN, 58_LYS, 59_ILE, 60_TRP, 61_CYS, 62_LYS, 63_ASP, 64_ASP, 65_GLN, 66_ASN, 67_PRO, 68_HIS, 69_SER, 70_SER, 71_ASN, 72_ILE, 73_CYS, 74_ASN, 75_ILE, 76_SER, 77_CYS, 78_ASP, 79_LYS, 80_PHE, 81_LEU, 82_ASP, 83_ASP, 84_ASP, 85_LEU, 86_THR, 87_ASP, 88_ASP, 89_ILE, 90_MET, 91_CYS, 92_VAL, 93_LYS, 94_LYS, 95_ILE, 96_LEU, 97_ASP, 98_LYS, 99_VAL, 100_GLY, 101_ILE, 102_ASN, 103_TYR, 104_TRP, 105_LEU, 106_ALA, 107_HIS, 108_LYS, 109_ALA, 110_LEU, 111_CYS, 112_SER, 113_GLU, 114_LYS, 115_LEU, 116_ASP, 117_GLN, 118_TRP, 119_LEU, 120_CYS, 121_GLU, 122_LYS"
6JOX_B,"65_PRO, 66_GLN, 67_CYS, 68_TYR, 69_LEU, 70_MET, 71_TYR, 72_THR, 73_ARG, 74_GLU, 75_HIS, 76_MET, 77_PRO, 78_ALA, 79_ASN, 80_ILE, 87_CYS, 88_TYR, 89_LYS, 90_THR, 91_ALA, 92_LYS, 93_GLY, 94_ALA, 95_PHE, 96_THR, 97_GLY, 98_GLU, 99_ILE, 100_SER, 101_PRO, 102_ALA, 103_MET, 104_ILE, 105_LYS, 106_ASP, 107_CYS, 108_GLY, 109_CYS, 110_GLU, 111_TRP, 112_VAL, 119_ARG, 120_ARG, 121_ASN, 122_VAL, 123_PHE, 124_GLY, 125_GLU, 126_PRO, 127_ASP, 128_GLN, 129_LEU, 130_ILE, 131_SER, 151_LYS, 152_LEU, 153_GLU, 154_GLU, 155_ARG, 156_GLU, 157_SER, 158_ASN, 159_ARG, 160_THR, 161_GLU, 162_GLU, 163_VAL, 194_GLY, 195_LYS, 196_THR, 197_ALA, 198_THR, 199_PRO, 200_GLU, 201_GLN, 202_ALA, 203_GLN, 217_VAL, 218_SER, 219_PRO, 220_GLN, 221_VAL, 222_ALA, 223_GLU, 224_SER, 225_THR, 226_ARG, 258_LYS, 259_PRO, 260_ASP, 261_PHE, 262_VAL, 263_THR, 264_ILE, 265_ILE, 266_ASN, 267_ALA, 268_ARG"
6KN8_X,"38_LYS, 39_LYS, 40_LEU, 41_LYS, 42_GLY, 43_THR, 44_GLU, 45_ASP, 46_GLU, 47_LEU, 48_ASP, 49_LYS, 50_TYR, 51_SER, 82_ILE, 83_GLN, 84_LEU, 85_VAL, 86_GLU, 87_GLU, 88_GLU, 89_LEU, 90_ASP, 91_ARG, 92_ALA, 93_GLN, 94_GLU, 95_ARG, 254_LYS, 255_LEU, 256_LYS, 257_TYR, 258_LYS, 259_ALA, 260_ILE, 261_SER, 262_GLU, 263_GLU, 264_LEU, 265_ASP, 266_HIS"
6MBX_C,"30_TYR, 31_VAL, 32_ASP, 33_GLU, 34_HIS, 35_LEU, 36_MET, 37_CYS, 38_GLU, 39_ILE, 40_GLU, 41_GLY, 42_ASN, 43_HIS, 44_LEU, 60_SER, 61_GLN, 62_ASN, 63_PHE, 64_PRO, 65_GLN, 66_LEU, 67_LYS, 68_PRO, 69_GLU, 70_GLU, 71_VAL, 72_ALA, 73_GLY, 74_ILE, 75_VAL, 76_GLY, 77_ASP, 78_PHE, 79_ALA, 90_TYR, 91_ILE, 92_GLY, 93_GLY, 94_THR, 95_LYS, 96_TYR, 97_MET, 98_VAL, 99_ILE, 105_ALA, 106_VAL, 107_ILE, 108_ARG, 109_GLY, 110_LYS, 111_LYS, 112_GLY, 113_PRO, 114_GLY, 115_GLY, 116_ALA, 117_THR, 118_VAL, 119_LYS, 120_LYS, 121_THR, 122_GLY, 123_MET, 124_ALA, 130_TYR, 131_ASP, 132_GLU, 133_PRO, 134_MET, 135_THR, 136_PRO, 137_GLY, 138_GLN, 139_CYS, 140_ASN, 141_MET, 142_ILE, 143_VAL, 144_GLU, 146_LEU, 147_GLY, 148_ASP, 149_TYR, 150_LEU, 151_ILE, 152_ASP, 153_GLN, 154_GLY"
6NKQ_F,"1_MET, 2_LYS, 3_CYS, 4_LEU, 5_LEU, 6_LEU, 7_ALA, 8_LEU, 9_ALA, 10_LEU, 11_THR, 12_CYS, 13_GLY, 14_ALA, 15_GLN, 16_ALA, 17_LEU, 18_ILE, 19_VAL, 20_THR, 21_GLN, 22_THR, 23_MET, 24_LYS, 25_GLY, 26_LEU, 27_ASP, 28_ILE, 29_GLN, 30_LYS, 31_VAL, 32_ALA, 33_GLY, 34_THR, 35_TRP, 36_TYR, 37_SER, 38_LEU, 39_ALA, 40_MET, 41_ALA, 42_ALA"
6NTT_B,"29_ASP, 30_ASN, 31_GLU, 32_GLY, 33_ASN, 34_PRO, 63_CYS, 64_PRO, 65_LEU, 66_THR, 67_VAL, 68_VAL, 69_GLN, 70_SER, 71_ARG, 72_ASN, 73_GLU, 74_LEU, 75_ASP, 76_LYS, 85_PRO, 86_TYR, 87_ARG, 88_ILE, 89_ARG, 90_PHE, 91_ILE, 92_ALA, 93_GLU, 94_GLY, 95_HIS, 204_SER, 205_LEU, 206_ALA, 207_LYS, 208_LYS, 209_ASN, 210_HIS, 211_GLY, 212_LEU, 213_SER, 214_ARG"
6O1F_I,"5_ASP, 6_ASN, 7_GLU, 8_GLY, 9_ASN, 10_PRO, 39_CYS, 40_PRO, 41_LEU, 42_THR, 43_VAL, 44_VAL, 45_GLN, 46_SER, 47_ARG, 48_ASN, 49_GLU, 50_LEU, 51_ASP, 52_LYS, 61_PRO, 62_TYR, 63_ARG, 64_ILE, 65_ARG, 66_PHE, 67_ILE, 68_ALA, 69_GLU, 70_GLY, 71_HIS, 180_SER, 181_LEU, 182_ALA, 183_LYS, 184_LYS, 185_ASN, 186_HIS, 187_GLY, 188_LEU, 189_SER, 190_ARG"
7KOR_Z,"50_LYS, 51_LYS, 52_LEU, 53_LYS, 54_GLY, 55_THR, 56_GLU, 57_ASP, 58_GLU, 59_LEU, 60_ASP, 61_LYS, 62_TYR, 63_SER, 94_ILE, 95_GLN, 96_LEU, 97_VAL, 98_GLU, 99_GLU, 100_GLU, 101_LEU, 102_ASP, 103_ARG, 104_ALA, 105_GLN, 106_GLU, 107_ARG, 266_LYS, 267_LEU, 268_LYS, 269_TYR, 270_LYS, 271_ALA, 272_ILE, 273_SER, 274_GLU, 275_GLU, 276_LEU, 277_ASP, 278_HIS"
7LVE_A,"2_MET, 3_GLN, 4_ASP, 5_PRO, 6_GLN, 7_GLN, 8_GLN, 9_TYR, 10_HIS, 11_ARG, 12_CYS, 13_GLN, 14_ARG, 15_ARG, 16_CYS, 17_GLN, 18_ILE, 19_GLN, 20_GLU, 21_GLN, 22_SER, 23_PRO, 24_GLU, 25_ARG, 26_GLN, 27_ARG, 28_GLN, 29_CYS, 30_GLN, 31_GLN, 32_ARG, 33_CYS, 34_GLU, 35_ARG, 36_GLN, 37_TYR, 38_LYS, 39_GLU, 40_GLN, 41_GLN, 42_GLY, 43_ARG, 44_GLU, 45_ARG, 46_GLY"
7LVF_A,"7_ASP, 8_ASP, 9_GLU, 10_GLU, 11_ASN, 12_PRO, 13_ARG, 14_ASP, 15_PRO, 16_ARG, 17_GLU, 18_GLN, 19_TYR, 20_ARG, 21_GLN, 22_CYS, 23_GLN, 24_GLU, 25_TYR, 26_CYS, 27_ARG, 28_ARG, 29_GLN, 30_GLY, 31_GLN, 32_GLY, 33_GLN, 34_ARG, 35_GLN, 36_GLN, 37_GLN, 38_GLN, 39_CYS, 40_GLN, 41_ILE, 42_ARG, 43_CYS, 44_GLU, 45_GLU, 46_ARG, 47_LEU, 48_GLU, 49_GLU, 50_ASP, 51_GLN, 52_ARG, 53_SER, 54_GLN, 55_GLU, 56_GLU"
7LVG_A,"1_GLY, 2_MET, 3_PRO, 4_ARG, 5_ASP, 6_PRO, 7_GLU, 8_GLN, 9_ARG, 10_TYR, 11_GLU, 12_GLN, 13_CYS, 14_GLN, 15_GLN, 16_GLN, 17_CYS, 18_GLU, 19_ARG, 20_GLN, 21_ARG, 22_ARG, 23_GLY, 24_GLN, 25_GLU, 26_GLN, 27_THR, 28_LEU, 29_CYS, 30_ARG, 31_ARG, 32_ARG, 33_CYS, 34_GLU, 35_GLN, 36_ARG, 37_ARG, 38_GLN, 39_GLN, 40_GLU, 41_GLU, 42_ARG, 43_GLU, 44_ARG"
7LXK_A,"1_GLY, 2_LYS, 3_SER, 4_SER, 5_PRO, 6_TYR, 7_GLN, 8_LYS, 9_LYS, 10_THR, 11_GLU, 12_ASN, 13_PRO, 14_CYS, 15_ALA, 16_GLN, 17_ARG, 18_CYS, 19_LEU, 20_GLN, 21_SER, 22_CYS, 23_GLN, 24_GLN, 25_GLU, 26_PRO, 27_ASP, 28_ASP, 29_LEU, 30_LYS, 31_GLN, 32_LYS, 33_ALA, 34_CYS, 35_GLU, 36_SER, 37_ARG, 38_CYS, 39_THR, 40_LYS, 41_LEU, 42_GLU, 43_TYR, 44_ASP, 45_PRO, 46_ARG, 47_CYS, 48_VAL, 49_TYR, 50_ASP, 51_PRO, 52_ARG, 53_GLY, 54_HIS, 55_THR, 56_GLY, 57_THR, 58_THR"
7N0V_C,"56_ILE, 57_SER, 58_PHE, 59_PRO, 60_GLU, 61_GLY, 62_LEU, 63_PRO, 64_PHE, 65_LYS"
7N4Y_B,"67_PRO, 68_GLY, 69_ARG, 70_PRO, 71_ALA, 72_ALA, 73_CYS, 74_LEU, 75_SER, 76_PHE, 77_CYS, 78_GLN, 79_LEU, 80_GLN, 81_LYS, 82_GLN, 153_LEU, 154_HIS, 155_GLY, 156_VAL, 157_GLY, 158_ASP, 159_ARG, 160_SER, 161_PRO, 162_PRO, 163_GLN, 164_CYS, 165_SER, 166_PRO, 167_ASP, 168_GLY, 169_ALA, 170_PHE, 171_ARG, 172_PRO, 173_VAL, 174_GLN, 175_CYS, 176_LYS, 177_PHE, 196_PRO, 197_ASP, 198_ALA, 199_PHE, 200_VAL, 201_THR, 202_PHE, 203_SER, 204_SER, 205_PHE, 206_ARG, 207_SER, 266_LEU, 267_ALA, 268_VAL, 269_GLN, 270_LEU, 271_VAL, 272_ILE, 273_SER, 274_GLY, 275_ARG, 276_PHE, 396_LEU, 397_PHE, 398_LEU, 399_ASP, 400_SER, 401_GLY, 402_ILE, 403_PHE, 404_GLN, 405_PRO, 406_MET, 407_LEU, 408_GLN, 409_GLY, 410_ARG, 411_ASP, 978_LEU, 979_ALA, 980_ALA, 981_GLN, 982_SER, 983_THR, 984_PHE, 985_ASP, 986_PHE, 987_TYR, 988_GLN, 989_ARG, 1153_ALA, 1154_GLU, 1155_ASP, 1156_GLY, 1157_GLY, 1158_PHE, 1159_SER, 1160_PRO, 1161_VAL, 1162_GLN, 1163_CYS, 1164_ASP, 1165_PRO, 1166_ALA, 1167_GLN, 1168_GLY, 1169_SER, 1170_CYS, 1171_TRP, 1172_CYS, 1173_VAL, 1174_LEU, 1175_GLY, 1176_SER, 1177_GLY, 1178_GLU, 1179_GLU, 1180_VAL, 1181_PRO, 1182_GLY, 1183_THR, 1184_ARG, 1237_SER, 1238_ALA, 1239_PHE, 1240_PRO, 1241_PRO, 1242_GLU, 1243_PRO, 1244_LEU, 1245_LEU, 1246_CYS, 1247_SER, 1248_VAL, 1249_GLN, 1250_ARG, 1287_VAL, 1288_CYS, 1289_SER, 1290_ALA, 1291_ASP, 1292_TYR, 1293_SER, 1294_GLY, 1295_LEU, 1296_LEU, 1297_LEU, 1298_ALA, 1299_PHE, 1300_GLN, 1301_VAL, 1302_PHE, 1303_LEU, 1304_LEU, 1305_ASP, 1306_GLU, 1307_LEU, 1308_THR, 1309_ALA, 1310_ARG, 1311_GLY, 1312_PHE, 1313_CYS, 1314_GLN, 1315_ILE, 1316_GLN, 1317_VAL, 1318_LYS, 1319_THR, 1320_ALA, 1321_GLY, 1322_THR, 1323_PRO, 1324_VAL, 1325_SER, 1326_ILE, 1327_PRO, 1328_VAL, 1329_CYS, 1330_ASP, 1331_ASP, 1332_SER, 1333_SER, 1334_VAL, 1335_LYS, 1336_VAL, 1337_GLU, 1338_CYS, 1339_LEU, 1340_SER, 1341_ARG, 1381_PHE, 1382_ALA, 1383_ASP, 1384_LEU, 1385_ILE, 1386_GLN, 1387_SER, 1388_GLY, 1389_THR, 1390_PHE, 1391_GLN, 1392_LEU, 1393_HIS, 1394_LEU, 1395_ASP, 1396_SER, 1397_LYS, 1563_VAL, 1564_ILE, 1565_PHE, 1566_SER, 1567_ALA, 1568_ASP, 1569_VAL, 1570_ALA, 1571_VAL, 1572_MET, 1573_VAL, 1574_ARG, 1629_SER, 1630_GLU, 1631_ASP, 1632_ALA, 1633_LEU, 1634_GLY, 1635_THR, 1636_SER, 1637_GLN, 1638_ALA, 1639_THR, 1640_SER, 1641_PHE, 1642_GLY, 1643_SER, 1644_LEU, 1645_GLN, 1646_CYS, 1647_GLN, 1648_VAL, 1649_LYS, 1963_ASN, 1964_LYS, 1965_VAL, 1966_PRO, 1967_MET, 1968_SER, 1969_ASP, 1970_LYS, 1971_SER, 1972_ILE, 1973_SER, 1974_SER, 1975_GLY, 1976_PHE, 1977_PHE, 1978_GLU, 1979_CYS, 1980_GLU, 1981_ARG, 2002_GLY, 2003_GLY, 2004_GLU, 2005_VAL, 2006_THR, 2007_CYS, 2008_LEU, 2009_THR, 2010_LEU, 2011_ASN, 2012_SER, 2013_LEU, 2014_GLY, 2015_LEU, 2016_GLN, 2017_THR, 2018_CYS, 2019_SER, 2020_GLU, 2021_GLU, 2022_TYR, 2023_GLY, 2024_GLY, 2025_VAL, 2026_TRP, 2027_ARG, 2111_ASP, 2112_ARG, 2113_CYS, 2114_LEU, 2115_TRP, 2116_GLU, 2117_CYS, 2118_SER, 2119_ARG, 2245_ALA, 2246_ARG, 2247_CYS, 2248_TRP, 2249_GLN, 2250_PRO, 2251_GLY, 2252_ILE, 2253_ARG, 2293_GLY, 2294_SER, 2295_GLY, 2296_ASP, 2297_ARG, 2298_PRO, 2299_ALA, 2300_VAL, 2301_ASP, 2302_GLY, 2303_SER, 2304_PHE, 2305_LEU, 2306_ALA, 2307_ALA, 2308_VAL, 2309_GLY, 2310_ASN, 2311_LEU, 2312_ILE, 2313_VAL, 2314_VAL, 2315_THR, 2316_ALA, 2317_SER, 2318_TYR, 2319_ARG, 2487_VAL, 2488_ASP, 2489_LEU, 2490_LEU, 2491_ILE, 2492_GLY, 2493_SER, 2494_SER, 2495_GLN, 2496_ASP, 2497_ASP, 2498_GLY, 2499_LEU, 2500_ILE, 2501_ASN, 2502_ARG"
7NEP_U,"38_LYS, 39_LYS, 40_LEU, 41_LYS, 42_GLY, 43_THR, 44_GLU, 45_ASP, 46_GLU, 47_LEU, 48_ASP, 49_LYS, 50_TYR, 51_SER, 82_ILE, 83_GLN, 84_LEU, 85_VAL, 86_GLU, 87_GLU, 88_GLU, 89_LEU, 90_ASP, 91_ARG, 92_ALA, 93_GLN, 94_GLU, 95_ARG"
7QTQ_B,"85_GLN, 86_PRO, 87_GLY, 88_ARG, 89_PRO, 90_ALA, 91_ALA, 92_CYS, 93_LEU, 94_SER, 95_PHE, 96_CYS, 97_GLN, 98_LEU, 99_GLN, 100_LYS, 171_LEU, 172_LEU, 173_HIS, 174_GLY, 175_VAL, 176_GLY, 177_ASP, 178_ARG, 179_SER, 180_PRO, 181_PRO, 182_GLN, 183_CYS, 184_SER, 185_PRO, 186_ASP, 187_GLY, 188_ALA, 189_PHE, 190_ARG, 191_PRO, 192_VAL, 193_GLN, 194_CYS, 195_LYS, 214_PHE, 215_PRO, 216_ASP, 217_ALA, 218_PHE, 219_VAL, 220_THR, 221_PHE, 222_SER, 223_SER, 224_PHE, 225_ARG, 284_PHE, 285_LEU, 286_ALA, 287_VAL, 288_GLN, 289_LEU, 290_VAL, 291_ILE, 292_SER, 293_GLY, 294_ARG, 414_GLU, 415_LEU, 416_PHE, 417_LEU, 418_ASP, 419_SER, 420_GLY, 421_ILE, 422_PHE, 423_GLN, 424_PRO, 425_MET, 426_LEU, 427_GLN, 428_GLY, 429_ARG, 996_LEU, 997_ALA, 998_ALA, 999_GLN, 1000_SER, 1001_THR, 1002_PHE, 1003_ASP, 1004_PHE, 1005_TYR, 1006_GLN, 1007_ARG, 1171_ALA, 1172_GLU, 1173_ASP, 1174_GLY, 1175_GLY, 1176_PHE, 1177_SER, 1178_PRO, 1179_VAL, 1180_GLN, 1181_CYS, 1182_ASP, 1183_PRO, 1184_ALA, 1185_GLN, 1186_GLY, 1187_SER, 1188_CYS, 1189_TRP, 1190_CYS, 1191_VAL, 1192_LEU, 1193_GLY, 1194_SER, 1195_GLY, 1196_GLU, 1197_GLU, 1198_VAL, 1199_PRO, 1200_GLY, 1201_THR, 1202_ARG, 1255_SER, 1256_ALA, 1257_PHE, 1258_PRO, 1259_PRO, 1260_GLU, 1261_PRO, 1262_LEU, 1263_LEU, 1264_CYS, 1265_SER, 1266_VAL, 1267_GLN, 1268_ARG, 1305_VAL, 1306_CYS, 1307_SER, 1308_ALA, 1309_ASP, 1310_TYR, 1311_SER, 1312_GLY, 1313_LEU, 1314_LEU, 1315_LEU, 1316_ALA, 1317_PHE, 1318_GLN, 1319_VAL, 1320_PHE, 1321_LEU, 1322_LEU, 1323_ASP, 1324_GLU, 1325_LEU, 1326_THR, 1327_ALA, 1328_ARG, 1329_GLY, 1330_PHE, 1331_CYS, 1332_GLN, 1333_ILE, 1334_GLN, 1335_VAL, 1336_LYS, 1337_THR, 1338_ALA, 1339_GLY, 1340_THR, 1341_PRO, 1342_VAL, 1343_SER, 1344_ILE, 1345_PRO, 1346_VAL, 1347_CYS, 1348_ASP, 1349_ASP, 1350_SER, 1351_SER, 1352_VAL, 1353_LYS, 1354_VAL, 1355_GLU, 1356_CYS, 1357_LEU, 1358_SER, 1359_ARG, 1399_PHE, 1400_ALA, 1401_ASP, 1402_LEU, 1403_ILE, 1404_GLN, 1405_SER, 1406_GLY, 1407_THR, 1408_PHE, 1409_GLN, 1410_LEU, 1411_HIS, 1412_LEU, 1413_ASP, 1414_SER, 1415_LYS, 1581_VAL, 1582_ILE, 1583_PHE, 1584_SER, 1585_ALA, 1586_ASP, 1587_VAL, 1588_ALA, 1589_VAL, 1590_MET, 1591_VAL, 1592_ARG, 1647_SER, 1648_GLU, 1649_ASP, 1650_ALA, 1651_LEU, 1652_GLY, 1653_THR, 1654_SER, 1655_GLN, 1656_ALA, 1657_THR, 1658_SER, 1659_PHE, 1660_GLY, 1661_SER, 1662_LEU, 1663_GLN, 1664_CYS, 1665_GLN, 1666_VAL, 1667_LYS, 1981_ASN, 1982_LYS, 1983_VAL, 1984_PRO, 1985_MET, 1986_SER, 1987_ASP, 1988_LYS, 1989_SER, 1990_ILE, 1991_SER, 1992_SER, 1993_GLY, 1994_PHE, 1995_PHE, 1996_GLU, 1997_CYS, 1998_GLU, 1999_ARG, 2020_GLY, 2021_GLY, 2022_GLU, 2023_VAL, 2024_THR, 2025_CYS, 2026_LEU, 2027_THR, 2028_LEU, 2029_ASN, 2030_SER, 2031_LEU, 2032_GLY, 2033_LEU, 2034_GLN, 2035_THR, 2036_CYS, 2037_SER, 2038_GLU, 2039_GLU, 2040_TYR, 2041_GLY, 2042_GLY, 2043_VAL, 2044_TRP, 2045_ARG, 2129_ASP, 2130_ARG, 2131_CYS, 2132_LEU, 2133_TRP, 2134_GLU, 2135_CYS, 2136_SER, 2137_ARG, 2263_ALA, 2264_ARG, 2265_CYS, 2266_TRP, 2267_GLN, 2268_PRO, 2269_GLY, 2270_ILE, 2271_ARG, 2311_GLY, 2312_SER, 2313_GLY, 2314_ASP, 2315_ARG, 2316_PRO, 2317_ALA, 2318_VAL, 2319_ASP, 2320_GLY, 2321_SER, 2322_PHE, 2323_LEU, 2324_ALA, 2325_ALA, 2326_VAL, 2327_GLY, 2328_ASN, 2329_LEU, 2330_ILE, 2331_VAL, 2332_VAL, 2333_THR, 2334_ALA, 2335_SER, 2336_TYR, 2337_ARG, 2505_VAL, 2506_ASP, 2507_LEU, 2508_LEU, 2509_ILE, 2510_GLY, 2511_SER, 2512_SER, 2513_GLN, 2514_ASP, 2515_ASP, 2516_GLY, 2517_LEU, 2518_ILE, 2519_ASN, 2520_ARG"
7SBG_C,"27_ALA, 28_ALA, 29_ILE, 30_ILE, 31_GLY, 32_GLN, 33_ASP, 34_GLY, 35_SER, 36_VAL, 37_TRP, 38_ALA, 39_GLN, 40_SER, 115_THR, 116_PRO, 117_GLY, 118_GLN, 119_CYS, 120_ASN, 123_VAL, 124_GLU, 125_ARG, 126_LEU, 127_GLY, 128_ASP, 129_TYR, 130_LEU, 131_ILE, 132_ASP, 133_GLN, 134_GLY"
7TTS_P,"16_ARG, 17_GLU, 18_LEU, 19_GLU, 20_GLU, 21_LEU, 22_ASN, 23_VAL, 24_PRO, 25_GLY, 26_GLU, 27_ILE, 28_VAL, 29_GLU, 30_SER, 31_LEU, 32_SER, 33_SER, 34_SER, 35_GLU, 36_GLU, 37_SER, 38_ILE, 39_THR, 40_ARG, 41_ILE, 42_ASN, 43_LYS, 44_LYS, 45_ILE, 46_GLU, 47_LYS, 48_PHE, 49_GLN, 50_SER, 51_GLU, 52_GLU, 58_ASP, 59_GLU, 60_LEU, 61_GLN, 62_ASP, 63_LYS, 64_ILE, 65_HIS, 66_PRO, 67_PHE, 68_ALA, 69_GLN, 70_THR, 71_GLN, 72_SER, 73_LEU, 74_VAL, 75_TYR, 76_PRO, 77_PHE, 78_PRO, 79_GLY, 80_PRO, 81_ILE, 82_PRO, 83_ASN, 84_SER, 85_LEU, 86_PRO, 87_GLN, 88_ASN, 89_ILE, 90_PRO, 116_ALA, 117_MET, 118_ALA, 119_PRO, 120_LYS, 121_HIS, 122_LYS, 123_GLU, 124_MET, 125_PRO, 126_PHE, 127_PRO, 128_LYS, 129_TYR, 130_PRO, 131_VAL, 132_GLU, 133_PRO, 134_LEU, 135_THR, 136_GLU, 137_SER, 138_GLN, 139_SER, 140_LEU, 141_THR, 142_LEU, 143_THR, 144_ASP, 145_VAL, 146_GLU, 147_ASN, 148_LEU, 149_HIS, 150_LEU, 151_PRO, 152_LEU, 153_PRO, 154_LEU, 155_LEU, 156_GLN, 157_SER, 158_TRP, 159_MET, 160_HIS, 161_GLN, 162_PRO, 163_HIS, 164_GLN, 182_GLN, 183_SER, 184_LYS, 185_VAL, 186_LEU, 187_PRO, 188_VAL, 189_PRO, 190_GLN, 191_LYS, 192_ALA, 193_VAL, 194_PRO, 200_MET, 201_PRO, 202_ILE, 203_GLN, 204_ALA, 205_PHE, 206_LEU, 207_LEU, 208_TYR, 209_GLN, 210_GLU, 211_PRO"
7UV1_A,"1_GLY, 2_LEU, 3_GLY, 4_PHE, 5_ALA, 6_LEU, 7_ALA, 8_LYS, 9_ILE, 10_ASP, 11_PRO, 12_GLU, 13_LEU, 14_LYS, 15_GLN, 16_CYS, 17_LYS, 18_HIS, 19_GLN, 20_CYS, 21_LYS, 22_VAL, 23_GLN, 24_ARG, 25_GLN, 26_TYR, 27_ASP, 28_GLU, 29_GLN, 30_GLN, 31_LYS, 32_GLU, 33_GLN, 34_CYS, 35_VAL, 36_LYS, 37_GLU, 38_CYS, 39_GLU, 40_LYS, 41_TYR, 42_TYR, 43_LYS, 44_GLU, 45_LYS, 46_LYS, 47_GLY, 48_ARG, 49_GLU, 50_ARG, 51_GLU, 52_HIS, 53_GLU, 54_HIS, 55_ARG"
7UV2_A,"1_GLY, 2_VAL, 3_ASP, 4_GLU, 5_PRO, 6_SER, 7_THR, 8_HIS, 9_GLU, 10_PRO, 11_ALA, 12_GLU, 13_LYS, 14_HIS, 15_LEU, 16_SER, 17_GLN, 18_CYS, 19_MET, 20_ARG, 21_GLN, 22_CYS, 23_GLU, 24_ARG, 25_GLN, 26_GLU, 27_GLY, 28_GLY, 29_GLN, 30_GLN, 31_LYS, 32_GLN, 33_LEU, 34_CYS, 35_ARG, 36_PHE, 37_ARG, 38_CYS, 39_GLN, 40_GLU, 41_ARG, 42_TYR, 43_LYS, 44_LYS, 45_GLU, 46_ARG, 47_GLY, 48_GLN, 49_HIS, 50_ASN, 51_TYR, 52_LYS, 53_ARG, 54_GLU, 55_ASP"
7UV3_A,"2_LYS, 3_THR, 4_ASP, 5_PRO, 6_GLU, 7_LEU, 8_LYS, 9_GLN, 10_CYS, 11_LYS, 12_HIS, 13_GLN, 14_CYS, 15_LYS, 16_VAL, 17_GLN, 18_ARG, 19_GLN, 20_TYR, 21_ASP, 22_GLU, 23_GLU, 24_GLN, 25_LYS, 26_GLU, 27_GLN, 28_CYS, 29_ALA, 30_LYS, 31_GLY, 32_CYS, 33_GLU, 34_LYS, 35_TYR, 36_TYR, 37_LYS, 38_GLU, 39_LYS, 40_LYS, 41_GLY, 42_ARG, 43_GLU, 44_GLN, 45_GLU, 46_GLU, 47_LEU"
7UV4_A,"1_GLY, 2_ARG, 3_GLY, 4_ASP, 5_GLU, 6_PHE, 7_SER, 8_THR, 9_HIS, 10_GLU, 11_PRO, 12_GLY, 13_GLU, 14_LYS, 15_ARG, 16_LEU, 17_SER, 18_GLN, 19_CYS, 20_MET, 21_LYS, 22_GLN, 23_CYS, 24_GLU, 25_ARG, 26_GLN, 27_ASP, 28_GLY, 29_GLY, 30_GLN, 31_GLN, 32_LYS, 33_GLN, 34_LEU, 35_CYS, 36_ARG, 37_PHE, 38_ARG, 39_CYS, 40_GLN, 41_GLU, 42_LYS, 43_TYR, 44_LYS, 45_LYS, 46_GLU, 47_ARG, 48_ARG, 49_GLU, 50_HIS, 51_SER, 52_TYR, 53_SER, 54_ARG, 55_ASP, 56_GLU, 57_GLU, 58_LEU, 59_GLU"
7VZO_B,"1_GLY, 2_THR, 3_ASN, 4_ARG, 5_GLN, 6_THR, 7_GLU, 8_ARG, 9_ILE, 10_LYS, 11_ARG, 12_GLN, 13_ARG, 14_GLU, 15_ALA, 16_VAL, 17_PRO, 18_LEU, 28_THR, 29_PHE, 30_LYS, 31_LEU, 32_PRO, 33_GLY, 34_ILE, 35_SER, 36_PRO, 37_PHE, 38_ASP, 39_LEU, 40_GLY, 41_ALA, 42_THR, 83_GLU, 84_MET, 85_HIS, 86_ILE, 87_PRO, 88_GLY, 89_SER, 90_PRO, 91_PHE, 92_GLN, 93_PHE, 94_THR, 95_VAL, 96_GLY, 97_PRO, 98_LEU, 111_PRO, 112_GLY, 113_LEU, 114_GLU, 115_ARG, 116_GLY, 117_GLU, 118_GLN, 119_GLY, 120_MET, 121_PRO, 122_ASN, 123_GLU, 124_PHE, 125_ASN, 126_VAL, 127_TRP, 155_ASP, 156_GLY, 157_SER, 158_CYS, 159_TYR, 160_VAL, 161_SER, 162_TYR, 163_VAL, 164_VAL, 165_ALA, 166_GLU, 167_PRO, 168_GLY, 169_GLU, 170_TYR, 177_ASN, 178_ASP, 179_LYS, 180_HIS, 181_ILE, 182_PRO, 183_ASP, 184_SER, 185_PRO, 186_TYR, 187_LYS, 188_VAL, 189_TYR, 190_ILE, 191_THR, 192_PRO, 193_SER"
7WBO_A,"82_VAL, 83_ASP, 84_GLU, 85_PHE, 86_LYS, 87_GLN, 88_ALA, 89_VAL, 90_LYS, 91_ASN, 92_LEU, 93_CYS, 94_CYS, 95_GLY, 96_LYS, 97_SER, 117_ASP, 118_ILE, 119_ASN, 120_GLY, 121_ASP, 122_GLY, 123_LEU, 124_VAL, 125_GLY, 126_VAL, 127_ASP, 128_GLU, 129_TYR, 130_ARG, 131_LEU, 138_ALA, 139_PHE, 140_SER, 141_SER, 142_VAL, 143_LYS, 144_GLU, 145_ILE, 146_ASP, 147_ASP"
8FEI_A,"20_ALA, 21_PRO, 22_PRO, 23_LYS, 24_SER, 25_VAL, 26_ILE, 27_ARG, 32_SER, 33_SER, 34_PRO, 35_GLU, 36_GLU, 37_LYS, 38_LYS, 39_CYS, 40_ASN, 41_ASN, 42_LEU, 43_ARG, 44_ASP, 45_LEU, 46_THR, 47_GLN, 48_GLN, 49_GLU, 50_ARG, 51_ILE, 52_SER, 53_LEU, 54_THR, 55_CYS, 56_VAL, 142_ALA, 143_GLY, 144_TRP, 145_ASN, 146_ILE, 147_PRO, 148_ILE, 149_GLY, 150_THR, 151_LEU, 152_LEU, 153_HIS, 154_ARG, 155_GLY, 156_ALA, 157_ILE, 158_GLU, 159_TRP, 160_GLU, 161_GLY, 162_ILE, 163_GLU, 164_SER, 165_GLY, 166_SER, 167_VAL, 168_GLU, 184_THR, 185_ILE, 186_GLU, 187_GLN, 188_LYS, 189_LEU, 190_CYS, 191_ARG, 192_GLN, 193_CYS, 194_LYS, 195_GLY, 196_ASP, 197_PRO, 198_LYS, 205_ALA, 206_PRO, 207_TYR, 208_SER, 209_GLY, 210_TYR, 211_SER, 212_GLY, 213_ALA, 214_PHE, 215_HIS, 216_CYS, 238_ASP, 239_GLN, 240_LYS, 241_ASP, 242_GLU, 243_TYR, 244_GLU, 245_LEU, 246_LEU, 247_CYS, 248_LEU, 249_ASP, 334_ASP, 335_SER, 336_GLN, 337_LEU, 338_TYR, 339_LEU, 340_GLY, 341_PHE, 342_GLU, 343_TYR, 344_TYR, 345_SER, 349_SER, 350_MET, 351_ARG, 352_LYS, 353_ASP, 354_GLN, 355_LEU, 356_THR, 357_PRO, 358_SER, 359_PRO, 360_ARG, 361_GLU, 362_ASN, 363_ARG, 364_ILE, 365_GLN, 366_TRP, 367_CYS, 379_ARG, 380_TRP, 381_SER, 382_VAL, 383_VAL, 384_SER, 385_ASN, 386_GLY, 387_ASP, 406_GLY, 407_GLU, 408_ALA, 409_ASP, 410_ALA, 411_VAL, 412_ALA, 413_LEU, 414_ASP, 415_GLY, 416_GLY, 417_LEU, 418_VAL, 419_TYR, 420_THR, 421_ALA, 422_GLY, 423_VAL, 424_CYS, 425_GLY, 426_LEU, 427_VAL, 428_PRO, 429_VAL, 430_MET, 431_ALA, 432_GLU, 433_ARG, 434_TYR, 435_ASP, 436_ASP, 437_GLU, 438_SER, 439_GLN, 440_CYS, 441_SER, 478_GLY, 479_ARG, 480_THR, 481_ALA, 482_GLY, 483_TRP, 484_VAL, 485_ILE, 486_PRO, 487_MET, 488_GLY, 489_LEU, 496_THR, 497_CYS, 498_ASN, 499_PHE, 500_ASP, 501_GLU, 502_TYR, 503_PHE, 504_SER, 505_GLU, 506_GLY, 507_CYS, 508_ALA, 509_PRO, 510_GLY, 511_SER, 512_PRO, 513_PRO, 514_ASN, 515_SER, 516_ARG, 517_LEU, 518_CYS, 519_GLN, 520_LEU, 521_CYS, 522_GLN, 523_GLY, 524_SER, 525_GLY, 526_GLY, 527_ILE, 528_PRO, 529_PRO, 530_GLU, 531_LYS, 532_CYS, 533_VAL, 534_ALA, 535_SER, 536_SER, 537_HIS, 538_GLU, 539_LYS, 540_TYR, 541_PHE, 542_GLY, 543_TYR, 544_THR, 545_GLY, 546_ALA, 547_LEU, 548_ARG, 549_CYS, 574_ALA, 575_ASP, 576_TRP, 577_ALA, 578_LYS, 579_ASN, 580_LEU, 581_GLN, 582_MET, 589_CYS, 590_THR, 591_ASP, 592_GLY, 593_ARG, 594_ARG, 595_ALA, 596_ASN, 597_VAL, 598_MET, 599_ASP, 600_TYR, 601_ARG, 602_GLU, 603_CYS, 604_ASN, 605_LEU, 606_ALA, 607_GLU, 608_VAL, 609_PRO, 610_THR, 611_HIS, 612_ALA, 634_PHE, 635_GLY, 636_VAL, 637_ASN, 638_GLY, 639_SER, 640_GLU, 641_LYS, 642_SER, 643_LYS, 644_PHE, 645_MET"
8Q4G_H,"1_ILE, 2_GLN, 3_LEU, 4_VAL, 5_GLU, 6_GLU, 7_GLU, 8_LEU, 9_ASP, 10_ARG, 11_ALA, 12_GLN, 13_GLU, 14_ARG, 173_LYS, 174_LEU, 175_LYS, 176_TYR, 177_LYS, 178_ALA"
8RLI_A,"2_LYS, 3_VAL, 4_PHE, 5_GLY, 6_ARG, 7_CYS, 8_GLU, 9_LEU, 10_ALA, 11_ALA, 12_ALA, 13_MET, 14_LYS, 15_ARG, 16_HIS, 17_GLY, 18_LEU, 19_ASP, 20_ASN, 21_TYR, 22_ARG, 23_GLY, 24_TYR, 25_SER, 26_LEU, 27_GLY, 28_ASN, 29_TRP, 30_VAL, 31_CYS, 32_ALA, 33_ALA, 34_LYS, 35_PHE, 36_GLU, 37_SER, 38_ASN, 39_PHE, 40_ASN, 41_THR, 42_GLN, 43_ALA, 44_THR, 45_ASN, 46_ARG, 47_ASN, 48_THR, 49_ASP, 50_GLY, 51_SER, 52_THR, 53_ASP, 54_TYR, 55_GLY, 56_ILE, 57_LEU, 58_GLN, 59_ILE, 60_ASN, 61_SER, 62_ARG, 63_TRP, 64_TRP, 65_CYS, 66_ASN, 67_ASP, 68_GLY, 69_ARG, 70_THR, 71_PRO, 72_GLY, 73_SER, 74_ARG, 75_ASN, 76_LEU, 77_CYS, 78_ASN, 79_ILE, 80_PRO, 81_CYS, 82_SER, 83_ALA, 84_LEU, 85_LEU, 86_SER, 87_SER, 88_ASP, 89_ILE, 90_THR, 91_ALA, 92_SER, 93_VAL, 94_ASN, 95_CYS, 96_ALA, 97_LYS, 98_LYS, 99_ILE, 100_VAL, 101_SER, 102_ASP, 103_GLY, 104_ASN, 105_GLY, 106_MET, 107_ASN, 108_ALA, 109_TRP, 110_VAL, 111_ALA, 112_TRP, 113_ARG, 114_ASN, 115_ARG, 116_CYS, 117_LYS, 118_GLY, 119_THR, 120_ASP, 121_VAL, 122_GLN, 123_ALA, 124_TRP, 125_ILE, 126_ARG, 127_GLY, 128_CYS, 129_ARG"
8SJA_I,"1_MET, 2_SER, 3_CYS, 4_GLU, 5_ARG, 6_GLN, 7_VAL, 8_ASP, 9_ARG, 10_VAL, 11_ASN, 12_LEU, 13_LYS, 14_PRO, 15_CYS, 16_GLU, 17_GLN, 18_HIS, 19_ILE, 20_MET, 21_GLN, 22_ARG, 23_ILE, 24_MET, 25_GLY, 26_GLU, 27_GLN, 28_GLU, 29_GLN, 30_TYR, 31_ASP, 32_SER, 33_TYR, 34_ASP, 35_ILE, 36_ARG, 37_SER, 38_THR, 39_ARG, 40_SER, 41_SER, 42_ASP, 43_GLN, 44_GLN, 45_GLN, 46_ARG, 47_CYS, 48_CYS, 49_ASP, 50_GLU, 51_LEU, 52_ASN, 53_GLU, 54_MET, 55_GLU, 56_ASN, 57_THR, 58_GLN, 59_GLY, 60_CYS, 61_MET, 62_CYS, 63_GLU, 64_ALA, 65_LEU, 66_GLN, 67_GLN, 68_ILE, 69_MET, 70_GLU, 71_ASN, 72_GLN, 73_CYS, 74_ASP, 75_ARG, 76_LEU, 77_GLN, 78_ASP, 79_ARG, 80_GLN, 81_MET, 82_VAL, 83_GLN, 84_GLN, 85_PHE, 86_LYS, 87_ARG, 88_GLU, 89_LEU, 90_MET, 91_SER, 92_LEU, 93_PRO, 94_GLN, 95_GLN, 96_CYS, 97_ASN, 98_PHE, 99_ARG, 100_ALA, 101_PRO, 102_GLN, 103_ARG, 104_CYS, 105_ASP, 106_LEU, 107_ASP, 108_VAL"
8X3H_A,"1_ALA, 2_PRO, 3_PRO, 4_LYS, 5_SER, 6_VAL, 7_ILE, 8_ARG, 13_SER, 14_SER, 15_PRO, 16_GLU, 17_GLU, 18_LYS, 19_LYS, 20_CYS, 21_ASN, 22_ASN, 23_LEU, 24_ARG, 25_ASP, 26_LEU, 27_THR, 28_GLN, 29_GLN, 30_GLU, 31_ARG, 32_ILE, 33_SER, 34_LEU, 35_THR, 36_CYS, 37_VAL, 123_ALA, 124_GLY, 125_TRP, 126_ASN, 127_ILE, 128_PRO, 129_ILE, 130_GLY, 131_THR, 132_LEU, 133_ILE, 134_HIS, 135_ARG, 136_GLY, 137_ALA, 138_ILE, 139_GLU, 140_TRP, 141_GLU, 142_GLY, 143_ILE, 144_GLU, 145_SER, 146_GLY, 147_SER, 148_VAL, 149_GLU, 165_THR, 166_ILE, 167_GLU, 168_GLN, 169_LYS, 170_LEU, 171_CYS, 172_ARG, 173_GLN, 174_CYS, 175_LYS, 176_GLY, 177_ASP, 178_PRO, 179_LYS, 186_ALA, 187_PRO, 188_TYR, 189_SER, 190_GLY, 191_TYR, 192_SER, 193_GLY, 194_ALA, 195_PHE, 196_HIS, 197_CYS, 219_ASP, 220_GLN, 221_LYS, 222_ASP, 223_GLU, 224_TYR, 225_GLU, 226_LEU, 227_LEU, 228_CYS, 229_LEU, 230_ASP, 315_ASP, 316_SER, 317_GLN, 318_LEU, 319_TYR, 320_LEU, 321_GLY, 322_PHE, 323_GLU, 324_TYR, 325_TYR, 326_SER, 330_SER, 331_MET"
8ZBM_G,"4_LYS, 5_LYS, 6_LEU, 7_LYS, 8_GLY, 9_THR, 10_GLU, 11_ASP, 12_GLU, 13_VAL, 14_GLU, 15_LYS, 16_TYR, 17_SER, 48_ILE, 49_GLN, 50_LEU, 51_VAL, 52_GLU, 53_GLU, 54_GLU, 55_LEU, 56_ASP, 57_ARG, 58_ALA, 59_GLN, 60_GLU, 61_ARG"
8ZBN_U,"1_GLN, 2_LEU, 3_VAL, 4_GLU, 5_GLU, 6_GLU, 7_LEU, 8_ASP, 9_ARG, 10_ALA, 11_GLN, 12_GLU, 13_ARG, 172_LYS, 173_LEU, 174_LYS, 175_TYR, 176_LYS, 177_ALA"
9B26_A,"1_GLY, 2_ALA, 3_PHE, 4_ALA, 5_GLY, 6_ILE"
9J0M_A,"1_ARG, 2_CYS, 3_GLU, 4_LEU, 5_ALA, 6_ALA, 7_ALA, 8_MET, 9_LYS, 10_ARG, 11_HIS, 12_GLY, 13_LEU, 14_ASP, 15_ASN, 16_TYR, 17_ARG, 18_GLY, 19_TYR, 20_SER, 21_LEU, 22_GLY, 23_ASN, 24_TRP, 25_VAL, 26_CYS, 27_ALA, 28_ALA, 29_LYS, 30_PHE, 31_GLU, 32_SER, 33_ASN, 34_PHE, 35_ASN, 36_THR, 37_GLN, 38_ALA, 39_THR, 40_ASN, 41_ARG, 42_ASN, 43_THR, 44_ASP, 45_GLY, 46_SER, 47_THR, 48_ASP, 49_TYR, 50_GLY, 51_ILE, 52_LEU, 53_GLN, 54_ILE, 55_ASN, 56_SER, 57_ARG, 58_TRP, 59_TRP, 60_CYS, 61_ASN, 62_ASP, 63_GLY, 64_ARG, 65_THR, 66_PRO, 67_GLY, 68_SER, 69_ARG, 70_ASN, 71_LEU, 72_CYS, 73_ASN, 74_ILE, 75_PRO, 76_CYS, 77_SER, 78_ALA, 79_LEU, 80_LEU, 81_SER, 82_SER, 83_ASP, 84_ILE, 85_THR, 86_ALA, 87_SER, 88_VAL, 89_ASN, 90_CYS, 91_ALA, 92_LYS, 93_LYS, 94_ILE, 95_VAL, 96_SER, 97_ASP, 98_GLY, 99_ASN, 100_GLY, 101_MET, 102_ASN, 103_ALA, 104_TRP, 105_VAL, 106_ALA, 107_TRP, 108_ARG, 109_ASN, 110_ARG, 111_CYS, 112_LYS, 113_GLY, 114_THR, 115_ASP, 116_VAL, 117_GLN, 118_ALA, 119_TRP, 120_ILE, 121_ARG, 122_GLY, 123_CYS, 124_ARG"
9JHH_F,"1_LEU, 2_ILE, 3_VAL, 4_THR, 5_GLN, 6_THR, 7_MET, 8_LYS, 9_GLY, 10_LEU, 11_ASP, 12_ILE, 13_GLN, 14_LYS, 15_VAL, 16_ALA, 17_GLY, 18_THR, 19_TRP, 20_TYR, 21_SER, 22_LEU, 23_ALA, 24_MET, 25_ALA, 26_ALA"
9MOX_N,"48_LYS, 49_LYS, 50_LEU, 51_LYS, 52_GLY, 53_THR, 54_GLU, 55_ASP, 56_GLU, 57_LEU, 58_ASP, 59_LYS, 60_TYR, 61_SER, 92_ILE, 93_GLN, 94_LEU, 95_VAL, 96_GLU, 97_GLU, 98_GLU, 99_LEU, 100_ASP, 101_ARG, 102_ALA, 103_GLN, 104_GLU, 105_ARG, 264_LYS, 265_LEU, 266_LYS, 267_TYR, 268_LYS, 269_ALA, 270_ILE, 271_SER, 272_GLU, 273_GLU, 274_LEU, 275_ASP, 276_HIS"
9MPA_A,"19_LYS, 20_VAL, 21_PHE, 22_GLY, 23_ARG, 24_CYS, 25_GLU, 26_LEU, 27_ALA, 28_ALA, 29_ALA, 30_MET, 31_LYS, 32_ARG, 33_HIS, 34_GLY, 35_LEU, 36_ASP, 37_ASN, 38_TYR, 39_ARG, 40_GLY, 41_TYR, 42_SER, 43_LEU, 44_GLY, 45_ASN, 46_TRP, 47_VAL, 48_CYS, 49_ALA, 50_ALA, 51_LYS, 52_PHE, 53_GLU, 54_SER, 55_ASN, 56_PHE, 57_ASN, 58_THR, 59_GLN, 60_ALA, 61_THR, 62_ASN, 63_ARG, 64_ASN, 65_THR, 66_ASP, 67_GLY, 68_SER, 69_THR, 70_ASP, 71_TYR, 72_GLY, 73_ILE, 74_LEU, 75_GLN, 76_ILE, 77_ASN, 78_SER, 79_ARG, 80_TRP, 81_TRP, 82_CYS, 83_ASN, 84_ASP, 85_GLY, 86_ARG, 87_THR, 88_PRO, 89_GLY, 90_SER, 91_ARG, 92_ASN, 93_LEU, 94_CYS, 95_ASN, 96_ILE, 97_PRO, 98_CYS, 99_SER, 100_ALA, 101_LEU, 102_LEU, 103_SER, 104_SER, 105_ASP, 106_ILE, 107_THR, 108_ALA, 109_SER, 110_VAL, 111_ASN, 112_CYS, 113_ALA, 114_LYS, 115_LYS, 116_ILE, 117_VAL, 118_SER, 119_ASP, 120_GLY, 121_ASN, 122_GLY, 123_MET, 124_ASN, 125_ALA, 126_TRP, 127_VAL, 128_ALA, 129_TRP, 130_ARG, 131_ASN, 132_ARG, 133_CYS, 134_LYS, 135_GLY, 136_THR, 137_ASP, 138_VAL, 139_GLN, 140_ALA, 141_TRP, 142_ILE, 143_ARG, 144_GLY, 145_CYS, 146_ARG"
9UGI_A,"1_LYS, 2_VAL, 3_PHE, 4_GLY, 5_ARG, 6_CYS, 7_GLU, 8_LEU, 9_ALA, 10_ALA, 11_ALA, 12_MET, 13_LYS, 14_ARG, 15_HIS, 16_GLY, 17_LEU, 18_ASP, 19_ASN, 20_TYR, 21_ARG, 22_GLY, 23_TYR, 24_SER, 25_LEU, 26_GLY, 27_ASN, 28_TRP, 29_VAL, 30_CYS, 31_ALA, 32_ALA, 33_LYS, 34_PHE, 35_GLU, 36_SER, 37_ASN, 38_PHE, 39_ASN, 40_THR, 41_GLN, 42_ALA, 43_THR, 44_ASN, 45_ARG, 46_ASN, 47_THR, 48_ASP, 49_GLY, 50_SER, 51_THR, 52_ASP, 53_TYR, 54_GLY, 55_ILE, 56_LEU, 57_GLN, 58_ILE, 59_ASN, 60_SER, 61_ARG, 62_TRP, 63_TRP, 64_CYS, 65_ASN, 66_ASP, 67_GLY, 68_ARG, 69_THR, 70_PRO, 71_GLY, 72_SER, 73_ARG, 74_ASN, 75_LEU, 76_CYS, 77_ASN, 78_ILE, 79_PRO, 80_CYS, 81_SER, 82_ALA, 83_LEU, 84_LEU, 85_SER, 86_SER, 87_ASP, 88_ILE, 89_THR, 90_ALA, 91_SER, 92_VAL, 93_ASN, 94_CYS, 95_ALA, 96_LYS, 97_LYS, 98_ILE, 99_VAL, 100_SER, 101_ASP, 102_GLY, 103_ASN, 104_GLY, 105_MET, 106_ASN, 107_ALA, 108_TRP, 109_VAL, 110_ALA, 111_TRP, 112_ARG, 113_ASN, 114_ARG, 115_CYS, 116_LYS, 117_GLY, 118_THR, 119_ASP, 120_VAL, 121_GLN, 122_ALA, 123_TRP, 124_ILE, 125_ARG, 126_GLY, 127_CYS, 128_ARG"
9V4F_J,"31_GLU, 32_CYS, 33_GLN, 34_LEU, 35_ASN, 36_ASN, 40_LEU, 41_GLU, 42_PRO, 43_ASP, 44_HIS, 46_VAL, 47_GLU, 48_SER, 49_GLU, 50_GLY, 51_GLY, 58_SER, 59_GLN, 60_HIS, 61_PRO, 62_GLU, 63_LEU, 67_GLY, 68_VAL, 69_THR, 70_VAL, 71_SER, 72_LYS, 78_ASN, 79_GLY, 80_LEU, 81_HIS, 82_LEU, 83_PRO, 128_LYS, 129_GLN, 130_GLN, 131_LEU, 132_GLN, 133_ASP, 142_ASN, 143_GLU, 144_GLY, 145_ASP, 146_VAL, 147_LEU, 148_VAL, 215_GLN, 216_GLY, 217_GLN, 218_HIS, 219_GLN, 220_GLN, 268_GLY, 269_LEU, 270_SER, 271_VAL, 272_ILE, 273_SER, 274_PRO, 279_GLN, 280_GLN, 281_ASP, 282_GLU, 283_ASP, 284_GLU, 335_GLN, 336_ASP, 337_GLN, 338_ASP, 339_GLU, 340_ASP, 363_ARG, 364_PRO, 365_ARG, 366_GLN, 367_GLU, 368_GLU, 369_PRO, 393_ILE, 394_ALA, 395_ARG, 396_PRO, 397_SER, 398_ARG, 421_ARG, 422_GLN, 423_PHE, 424_GLN, 425_LEU, 426_SER, 427_ALA, 428_GLN, 507_ASN, 508_ALA, 509_VAL, 510_THR, 511_SER"
